project_name,bug_number,granularity,technique,crashing,predicate,mutable_bug,percentage_of_mutants_on_ground_truth,experiment_time_seconds,e_inspect,is_bug_localized,exam_score,java_exam_score,cumulative_distance,sv_comp_overall_score
black,6,Statement,Tarantula,0,1,1,0.11206574523720583,58.77962040901184,29.5,1,0.00032641409223687707,0.00032641409223687707,1.3405759162303665,-2.326701570680628
black,7,Statement,Tarantula,0,1,1,0.11876484560570072,64.7829794883728,194.0,1,0.002147704502430006,0.002147704502430006,3.7888652670741427,-2.507668653430014
black,8,Statement,Tarantula,0,1,1,0.7784431137724551,46.83869695663452,36.0,1,0.0003985695780698161,0.0003985695780698161,0.9426251331203408,-2.3129659211927582
black,10,Statement,Tarantula,0,1,1,1.0344827586206897,62.782360315322876,1.0,1,1.1079964100916312e-05,1.1079964100916312e-05,0.0,8
black,11,Statement,Tarantula,0,1,1,0.12526096033402923,56.28782558441162,711.3333333333334,1,0.00788294528113006,0.00788294528113006,2.528618152085037,-2.339699412062454
black,14,Statement,Tarantula,1,1,1,5.742574257425743,52.5775830745697,1.0,1,1.1112716281240624e-05,1.1112716281240624e-05,0.0,8.0
black,15,Statement,Tarantula,0,1,1,5.055368319691863,61.06019687652588,1.0,1,1.1103955228852518e-05,1.1103955228852518e-05,0.0,8.0
black,18,Statement,Tarantula,0,0,1,0.15467904098994587,49.46785068511963,1.5,1,0.0002920560747663551,0.0002920560747663551,0.0,2.999848714069592
black,19,Statement,Tarantula,0,0,1,0.20352781546811397,33.047914028167725,18.0,1,0.00401965163019205,0.00401965163019205,1.5581717451523545,-2.2114590988750074
black,23,Statement,Tarantula,0,1,1,0.06711409395973154,14.277763605117798,147.0,1,0.04016393442622951,0.04016393442622951,0.11187072715972654,-2.0196661635443487
cookiecutter,2,Statement,Tarantula,0,1,1,5.555555555555555,2.641118288040161,1.0,1,0.00066711140760507,0.00066711140760507,0.0,8
fastapi,1,Statement,Tarantula,0,1,1,16.129032258064516,40.023441553115845,4.666666666666666,1,0.0010458688181682353,0.0010458688181682353,0.0,-0.47895500725689377
fastapi,3,Statement,Tarantula,1,1,1,5.172413793103448,12.749234676361084,3.5,1,0.0007907817442385902,0.0007907817442385902,0.0,0.3023163886473239
fastapi,6,Statement,Tarantula,0,1,1,1.8518518518518516,1.0297150611877441,69.0,1,0.01567469332121763,0.01567469332121763,0,-7.15444164346452
fastapi,16,Statement,Tarantula,1,1,1,66.66666666666666,0.7255284786224365,1.0,1,0.00039416633819471815,0.00039416633819471815,0.0,8
httpie,2,Statement,Tarantula,0,1,1,1.6194331983805668,10.510277509689331,72.33333333333333,1,0.02637977145635789,0.02637977145635789,5,-7
httpie,3,Statement,Tarantula,1,0,1,0.47393364928909953,15.367119312286377,121.0,1,0.044600073719130114,0.044600073719130114,0,-7.0
httpie,4,Statement,Tarantula,0,1,1,0.2785515320334262,2.3080801963806152,269.5,1,0.10498636540708998,0.10498636540708998,0,-7.551687160423219
httpie,5,Statement,Tarantula,0,1,1,27.173913043478258,8.386019468307495,4.0,1,0.006633499170812604,0.006633499170812604,0.15282392026578073,5
keras,1,Statement,Tarantula,0,0,1,2.941176470588235,1049.5740146636963,1.0,1,2.6091948024839534e-05,2.6091948024839534e-05,0.0,8
keras,10,Statement,Tarantula,1,1,1,25.0,87.1016194820404,1.5,1,4.044107735030061e-05,4.044107735030061e-05,0.0,2.9991749174917492
keras,14,Statement,Tarantula,1,0,1,45.45454545454545,26.784066915512085,1.5,1,4.1849175571241246e-05,4.1849175571241246e-05,0.0,-2.0
keras,17,Statement,Tarantula,0,0,1,9.615384615384617,29.182665824890137,4.5,1,0.00012706121526993448,0.00012706121526993448,10.0,-1.3708333333333333
keras,33,Statement,Tarantula,1,1,1,95.45454545454545,6.845127820968628,1.6666666666666665,1,4.346503238144912e-05,4.346503238144912e-05,0.0,2.9965469613259668
keras,35,Statement,Tarantula,1,1,1,0.2145922746781116,18.091214179992676,7.5,1,0.00019959548648073238,0.00019959548648073238,0.0,-1.333970753655793
keras,38,Statement,Tarantula,1,0,1,0.11771630370806356,182.33350825309753,13.5,1,0.00036941768826619965,0.00036941768826619965,12.320566388115134,-3.008588672237697
keras,40,Statement,Tarantula,0,0,1,1.342281879194631,147.71782660484314,12.5,1,0.00035330695308083665,0.00035330695308083665,0.2937079731027858,-2.1594620557156583
keras,41,Statement,Tarantula,0,1,1,8.333333333333332,16.664397478103638,1.6666666666666665,1,4.8118101067259477e-05,4.8118101067259477e-05,0.0,2.9989510489510485
luigi,3,Statement,Tarantula,1,0,1,2.4390243902439024,22.991326093673706,1.0,1,4.669624095260332e-05,4.669624095260332e-05,0.0,8
luigi,5,Statement,Tarantula,0,0,1,3.6363636363636362,8.177030086517334,2.111111111111111,1,0.00010909571139016646,0.00010909571139016646,0.0,1.3284802043422732
luigi,12,Statement,Tarantula,0,1,1,22.857142857142858,1.066664695739746,46.85714285714286,1,0.002748864417291028,0.002748864417291028,0,-12.0
luigi,26,Statement,Tarantula,1,1,1,16.666666666666664,1.0492701530456543,4.0,1,0.0003273858241938124,0.0003273858241938124,0.009933774834437087,-0.7991169977924941
luigi,28,Statement,Tarantula,0,0,1,33.33333333333333,3.7732553482055664,2.0,1,0.00016854879487611664,0.00016854879487611664,0.0,1.329654157468727
luigi,29,Statement,Tarantula,1,1,1,19.565217391304348,4.152209997177124,10.333333333333334,1,0.0008674725766733826,0.0008674725766733826,0.34653465346534656,-2.2194719471947195
luigi,30,Statement,Tarantula,0,1,1,1.3050570962479608,34.18578243255615,67.63636363636364,1,0.005711083647417347,0.005711083647417347,12.524707412223668,-7.0
luigi,31,Statement,Tarantula,0,0,1,0.2890173410404624,45.113813638687134,33.5,1,0.002832262428136625,0.002832262428136625,31.58140814081408,-2.016501650165017
pandas,2,Statement,Tarantula,1,1,1,0.6765899864682002,1341.9947276115417,232.0,1,0.001806220561329752,0.001806220561329752,0.001083658430862592,-7.127329865626354
pandas,12,Statement,Tarantula,1,0,1,0.1620745542949757,2552.903843164444,104.0,1,0.0008142493638676844,0.0008142493638676844,0,-11.223300970873787
pandas,43,Statement,Tarantula,0,1,1,0.23134759976865238,85.88211822509766,923.75,1,0.007314340462258399,0.007314340462258399,0,-11.880952380952381
pandas,72,Statement,Tarantula,1,1,1,1.6006739679865205,15.268394708633423,3.25,1,2.5925128229672706e-05,2.5925128229672706e-05,0.0,-5.33341182626897
pandas,74,Statement,Tarantula,0,1,1,0.3546099290780142,134.1193699836731,96.5,1,0.0007701331971301565,0.0007701331971301565,80.0,-12.0
pandas,81,Statement,Tarantula,1,1,1,2.1505376344086025,23140.768271684647,87.5,1,0.000700224071702945,0.000700224071702945,207.5,-7.0
pandas,137,Statement,Tarantula,1,1,1,0.1282051282051282,3366.506372451782,347.5,1,0.0027750714730638386,0.0027750714730638386,0,-9.236717915432774
pandas,141,Statement,Tarantula,1,0,1,6.2645011600928076,46.401092290878296,92.5,1,0.0007409780910802259,0.0007409780910802259,0,-12.0
pandas,143,Statement,Tarantula,1,1,1,0.49261083743842365,2166.20321059227,51.5,1,0.0004127462452113421,0.0004127462452113421,0,-12.0
pandas,146,Statement,Tarantula,1,1,1,19.047619047619047,48.27202129364014,2.5,1,2.0057927294025143e-05,2.0057927294025143e-05,0.0,0.49193548387096797
sanic,3,Statement,Tarantula,0,1,1,5.88235294117647,284.4683532714844,17.5,1,0.0012862918044836457,0.0012862918044836457,25.02384196185286,-4.609673024523161
sanic,4,Statement,Tarantula,0,1,1,0.2004008016032064,47.88449215888977,18.5,1,0.0013499708114419148,0.0013499708114419148,25.0,-7.0
spacy,4,Statement,Tarantula,1,0,1,46.51162790697674,4.43233323097229,13.0,1,0.0001294665976178146,0.0001294665976178146,0.0851063829787234,-2.049645390070922
spacy,6,Statement,Tarantula,0,1,1,0.8620689655172413,34.51030898094177,18.666666666666664,1,0.00018750292973327706,0.00018750292973327706,22.5,-7.0
thefuck,4,Statement,Tarantula,1,0,1,37.5,27.40939736366272,4.0,1,0.0009675858732462506,0.0009675858732462506,0.0,-1.4112094395280237
thefuck,6,Statement,Tarantula,1,0,1,4.545454545454546,1.3505890369415283,2.0,1,0.0004889975550122249,0.0004889975550122249,0.0,-2.013888888888889
thefuck,14,Statement,Tarantula,0,1,1,100.0,7.336745738983154,1.0,1,0.00039261876717707107,0.00039261876717707107,0.0,8
thefuck,15,Statement,Tarantula,0,0,1,4.3478260869565215,3.262887954711914,2.0,1,0.0007914523149980214,0.0007914523149980214,0.0,-5.333333333333334
thefuck,17,Statement,Tarantula,0,0,1,1.7857142857142856,16.943659782409668,2.0,1,0.0008166598611678236,0.0008166598611678236,0.0,0.693877551020408
thefuck,20,Statement,Tarantula,0,0,1,58.333333333333336,0.8783576488494873,3.0,1,0.001344688480502017,0.001344688480502017,15.0,6
thefuck,26,Statement,Tarantula,0,0,1,57.89473684210527,2.047957181930542,2.0,1,0.0010964912280701754,0.0010964912280701754,0.0,1.953846153846154
thefuck,28,Statement,Tarantula,0,0,1,16.666666666666664,9.628909349441528,1.2,1,0.0006670372429127293,0.0006670372429127293,0.0,5.997014925373134
tornado,1,Statement,Tarantula,0,0,1,0.11689070718877849,78.14776730537415,1.0,1,5.662514156285391e-05,5.662514156285391e-05,0.0,8
tornado,5,Statement,Tarantula,0,1,1,27.397260273972602,2001.7016625404358,3.3333333333333335,1,0.00018432500184325002,0.00018432500184325002,0.0,0.20178068501862434
tqdm,5,Statement,Tarantula,1,1,1,1.240694789081886,80.39165186882019,8.333333333333334,1,0.004313319530710835,0.004313319530710835,0.4672330097087378,-2.078883495145631
tqdm,9,Statement,Tarantula,1,1,1,4.761904761904762,6.175822496414185,3.4,1,0.006343283582089552,0.006343283582089552,0.003278688524590164,0.6077496274217591
youtube-dl,1,Statement,Tarantula,0,0,1,0.2695417789757413,75.37886786460876,4.333333333333334,1,3.989847372992417e-05,3.989847372992417e-05,0.0,-0.33547723179830213
youtube-dl,2,Statement,Tarantula,0,0,1,1.6842105263157894,69.2180483341217,14.9,1,0.00014151525800416,0.00014151525800416,0,-2.7251848838167434
youtube-dl,6,Statement,Tarantula,0,1,1,33.33333333333333,35.18240404129028,1.5,1,2.3032275895955532e-05,2.3032275895955532e-05,0.0,2.999803304484658
youtube-dl,7,Statement,Tarantula,0,1,1,4.3478260869565215,91.02659153938293,5.333333333333333,1,8.495003875845518e-05,8.495003875845518e-05,0.0,-0.6688498402555907
youtube-dl,13,Statement,Tarantula,0,1,1,9.090909090909092,61.20927572250366,8.5,1,7.402827008996612e-05,7.402827008996612e-05,0.0006265664160401002,-2.000814536340852
youtube-dl,17,Statement,Tarantula,1,0,1,3.8461538461538463,82.45962834358215,2.0,1,1.9669744981756312e-05,1.9669744981756312e-05,0.0,1.9996861924686193
youtube-dl,18,Statement,Tarantula,0,0,1,0.21052631578947367,96.41504907608032,11.0,1,0.0001088634654210047,0.0001088634654210047,0,-1.5320910973084887
youtube-dl,20,Statement,Tarantula,0,0,1,3.571428571428571,67.46742272377014,34885.33333333333,0,0.3476469982494078,-1,0.010460251046025104,-2.0048378661087867
youtube-dl,21,Statement,Tarantula,0,1,1,88.88888888888889,57.83148527145386,2.0,1,2.0809272611875853e-05,2.0809272611875853e-05,0.0,1.9997255009607464
youtube-dl,24,Statement,Tarantula,0,1,1,0.1520912547528517,115.31560850143433,52.25,1,0.0005855522682445759,0.0005855522682445759,0,-6.119442228185972
youtube-dl,25,Statement,Tarantula,0,0,1,3.4482758620689653,38.36088013648987,7.666666666666667,1,9.095690619970183e-05,9.095690619970183e-05,0.0,-1.0931042556927941
youtube-dl,31,Statement,Tarantula,0,1,1,58.139534883720934,7.539561986923218,3.2,1,7.957427761476103e-05,7.957427761476103e-05,0.0,0.6655665566556661
black,6,Statement,Ochiai,0,1,1,0.11206574523720583,58.77962040901184,29.5,1,0.00032641409223687707,0.00032641409223687707,1.3405759162303665,-2.326701570680628
black,7,Statement,Ochiai,0,1,1,0.11876484560570072,64.7829794883728,194.0,1,0.002147704502430006,0.002147704502430006,3.7888652670741427,-2.507668653430014
black,8,Statement,Ochiai,0,1,1,0.7784431137724551,46.83869695663452,36.0,1,0.0003985695780698161,0.0003985695780698161,0.9426251331203408,-2.3129659211927582
black,10,Statement,Ochiai,0,1,1,1.0344827586206897,62.782360315322876,1.0,1,1.1079964100916312e-05,1.1079964100916312e-05,0.0,8
black,11,Statement,Ochiai,0,1,1,0.12526096033402923,56.28782558441162,711.3333333333334,1,0.00788294528113006,0.00788294528113006,2.528618152085037,-2.339699412062454
black,14,Statement,Ochiai,1,1,1,5.742574257425743,52.5775830745697,1.0,1,1.1112716281240624e-05,1.1112716281240624e-05,0.0,8.0
black,15,Statement,Ochiai,0,1,1,5.055368319691863,61.06019687652588,1.0,1,1.1103955228852518e-05,1.1103955228852518e-05,0.0,8.0
black,18,Statement,Ochiai,0,0,1,0.15467904098994587,49.46785068511963,1.5,1,0.0002920560747663551,0.0002920560747663551,0.0,2.999848714069592
black,19,Statement,Ochiai,0,0,1,0.20352781546811397,33.047914028167725,18.0,1,0.00401965163019205,0.00401965163019205,1.5581717451523545,-2.2114590988750074
black,23,Statement,Ochiai,0,1,1,0.06711409395973154,14.277763605117798,147.0,1,0.04016393442622951,0.04016393442622951,0.11187072715972654,-2.0196661635443487
cookiecutter,2,Statement,Ochiai,0,1,1,5.555555555555555,2.641118288040161,1.0,1,0.00066711140760507,0.00066711140760507,0.0,8
fastapi,1,Statement,Ochiai,0,1,1,16.129032258064516,40.023441553115845,4.666666666666666,1,0.0010458688181682353,0.0010458688181682353,0.0,-0.47895500725689377
fastapi,3,Statement,Ochiai,1,1,1,5.172413793103448,12.749234676361084,4.5,1,0.001016719385449616,0.001016719385449616,0.0,-0.7552672147995889
fastapi,6,Statement,Ochiai,0,1,1,1.8518518518518516,1.0297150611877441,69.0,1,0.01567469332121763,0.01567469332121763,0,-7.15444164346452
fastapi,16,Statement,Ochiai,1,1,1,66.66666666666666,0.7255284786224365,1.0,1,0.00039416633819471815,0.00039416633819471815,0.0,8
httpie,2,Statement,Ochiai,0,1,1,1.6194331983805668,10.510277509689331,72.33333333333333,1,0.02637977145635789,0.02637977145635789,5,-7
httpie,3,Statement,Ochiai,1,0,1,0.47393364928909953,15.367119312286377,121.0,1,0.044600073719130114,0.044600073719130114,0,-7.0
httpie,4,Statement,Ochiai,0,1,1,0.2785515320334262,2.3080801963806152,269.5,1,0.10498636540708998,0.10498636540708998,0,-7.551687160423219
httpie,5,Statement,Ochiai,0,1,1,27.173913043478258,8.386019468307495,4.0,1,0.006633499170812604,0.006633499170812604,0.15282392026578073,5
keras,1,Statement,Ochiai,0,0,1,2.941176470588235,1049.5740146636963,1.0,1,2.6091948024839534e-05,2.6091948024839534e-05,0.0,8
keras,10,Statement,Ochiai,1,1,1,25.0,87.1016194820404,1.5,1,4.044107735030061e-05,4.044107735030061e-05,0.0,2.9991749174917492
keras,14,Statement,Ochiai,1,0,1,45.45454545454545,26.784066915512085,1.5,1,4.1849175571241246e-05,4.1849175571241246e-05,0.0,-2.0
keras,17,Statement,Ochiai,0,0,1,9.615384615384617,29.182665824890137,4.5,1,0.00012706121526993448,0.00012706121526993448,10.0,-1.3708333333333333
keras,33,Statement,Ochiai,1,1,1,95.45454545454545,6.845127820968628,1.6666666666666665,1,4.346503238144912e-05,4.346503238144912e-05,0.0,2.9965469613259668
keras,35,Statement,Ochiai,1,1,1,0.2145922746781116,18.091214179992676,7.5,1,0.00019959548648073238,0.00019959548648073238,0.0,-1.333970753655793
keras,38,Statement,Ochiai,1,0,1,0.11771630370806356,182.33350825309753,13.5,1,0.00036941768826619965,0.00036941768826619965,12.320566388115134,-3.008588672237697
keras,40,Statement,Ochiai,0,0,1,1.342281879194631,147.71782660484314,12.5,1,0.00035330695308083665,0.00035330695308083665,0.2937079731027858,-2.1594620557156583
keras,41,Statement,Ochiai,0,1,1,8.333333333333332,16.664397478103638,1.6666666666666665,1,4.8118101067259477e-05,4.8118101067259477e-05,0.0,2.9989510489510485
luigi,3,Statement,Ochiai,1,0,1,2.4390243902439024,22.991326093673706,1.0,1,4.669624095260332e-05,4.669624095260332e-05,0.0,8
luigi,5,Statement,Ochiai,0,0,1,3.6363636363636362,8.177030086517334,2.4,1,0.0001240245982119787,0.0001240245982119787,0.0,-0.18641588296760658
luigi,12,Statement,Ochiai,0,1,1,22.857142857142858,1.066664695739746,46.85714285714286,1,0.002748864417291028,0.002748864417291028,0,-12.0
luigi,26,Statement,Ochiai,1,1,1,16.666666666666664,1.0492701530456543,4.0,1,0.0003273858241938124,0.0003273858241938124,0.009933774834437087,-0.7991169977924941
luigi,28,Statement,Ochiai,0,0,1,33.33333333333333,3.7732553482055664,2.0,1,0.00016854879487611664,0.00016854879487611664,0.0,1.329654157468727
luigi,29,Statement,Ochiai,1,1,1,19.565217391304348,4.152209997177124,10.333333333333334,1,0.0008674725766733826,0.0008674725766733826,0.34653465346534656,-2.2194719471947195
luigi,30,Statement,Ochiai,0,1,1,1.3050570962479608,34.18578243255615,67.63636363636364,1,0.005711083647417347,0.005711083647417347,12.524707412223668,-7.0
luigi,31,Statement,Ochiai,0,0,1,0.2890173410404624,45.113813638687134,33.5,1,0.002832262428136625,0.002832262428136625,31.58140814081408,-2.016501650165017
pandas,2,Statement,Ochiai,1,1,1,0.6765899864682002,1341.9947276115417,66.0,1,0.0005138386079644984,0.0005138386079644984,25.00108365843086,-7.127329865626354
pandas,12,Statement,Ochiai,1,0,1,0.1620745542949757,2552.903843164444,95.0,1,0.0007437854766099041,0.0007437854766099041,0,-11.148936170212766
pandas,43,Statement,Ochiai,0,1,1,0.23134759976865238,85.88211822509766,923.75,1,0.007314340462258399,0.007314340462258399,0,-11.880952380952381
pandas,72,Statement,Ochiai,1,1,1,1.6006739679865205,15.268394708633423,3.25,1,2.5925128229672706e-05,2.5925128229672706e-05,0.0,-5.33341182626897
pandas,74,Statement,Ochiai,0,1,1,0.3546099290780142,134.1193699836731,96.5,1,0.0007701331971301565,0.0007701331971301565,80.0,-12.0
pandas,81,Statement,Ochiai,1,1,1,2.1505376344086025,23140.768271684647,87.5,1,0.000700224071702945,0.000700224071702945,207.5,-7.0
pandas,137,Statement,Ochiai,1,1,1,0.1282051282051282,3366.506372451782,245.5,1,0.001960518119819201,0.001960518119819201,0.782767433369843,-2.782767433369843
pandas,141,Statement,Ochiai,1,0,1,6.2645011600928076,46.401092290878296,92.5,1,0.0007409780910802259,0.0007409780910802259,0,-12.0
pandas,143,Statement,Ochiai,1,1,1,0.49261083743842365,2166.20321059227,51.5,1,0.0004127462452113421,0.0004127462452113421,0,-12.0
pandas,146,Statement,Ochiai,1,1,1,19.047619047619047,48.27202129364014,2.5,1,2.0057927294025143e-05,2.0057927294025143e-05,0.0,0.49193548387096797
sanic,3,Statement,Ochiai,0,1,1,5.88235294117647,284.4683532714844,17.5,1,0.0012862918044836457,0.0012862918044836457,25.02384196185286,-4.609673024523161
sanic,4,Statement,Ochiai,0,1,1,0.2004008016032064,47.88449215888977,18.5,1,0.0013499708114419148,0.0013499708114419148,25.0,-7.0
spacy,4,Statement,Ochiai,1,0,1,46.51162790697674,4.43233323097229,13.0,1,0.0001294665976178146,0.0001294665976178146,0.0851063829787234,-2.049645390070922
spacy,6,Statement,Ochiai,0,1,1,0.8620689655172413,34.51030898094177,18.666666666666664,1,0.00018750292973327706,0.00018750292973327706,22.5,-7.0
thefuck,4,Statement,Ochiai,1,0,1,37.5,27.40939736366272,4.0,1,0.0009675858732462506,0.0009675858732462506,0.0,-1.4112094395280237
thefuck,6,Statement,Ochiai,1,0,1,4.545454545454546,1.3505890369415283,2.0,1,0.0004889975550122249,0.0004889975550122249,0.0,-2.013888888888889
thefuck,14,Statement,Ochiai,0,1,1,100.0,7.336745738983154,1.0,1,0.00039261876717707107,0.00039261876717707107,0.0,8
thefuck,15,Statement,Ochiai,0,0,1,4.3478260869565215,3.262887954711914,2.0,1,0.0007914523149980214,0.0007914523149980214,0.0,-5.333333333333334
thefuck,17,Statement,Ochiai,0,0,1,1.7857142857142856,16.943659782409668,2.0,1,0.0008166598611678236,0.0008166598611678236,0.0,0.693877551020408
thefuck,20,Statement,Ochiai,0,0,1,58.333333333333336,0.8783576488494873,3.0,1,0.001344688480502017,0.001344688480502017,15.0,6
thefuck,26,Statement,Ochiai,0,0,1,57.89473684210527,2.047957181930542,1.6666666666666665,1,0.0009137426900584795,0.0009137426900584795,0.0,2.9615384615384617
thefuck,28,Statement,Ochiai,0,0,1,16.666666666666664,9.628909349441528,1.2,1,0.0006670372429127293,0.0006670372429127293,0.0,5.997014925373134
tornado,1,Statement,Ochiai,0,0,1,0.11689070718877849,78.14776730537415,1.0,1,5.662514156285391e-05,5.662514156285391e-05,0.0,8
tornado,5,Statement,Ochiai,0,1,1,27.397260273972602,2001.7016625404358,3.3333333333333335,1,0.00018432500184325002,0.00018432500184325002,0.0,0.20178068501862434
tqdm,5,Statement,Ochiai,1,1,1,1.240694789081886,80.39165186882019,8.333333333333334,1,0.004313319530710835,0.004313319530710835,0.4672330097087378,-2.078883495145631
tqdm,9,Statement,Ochiai,1,1,1,4.761904761904762,6.175822496414185,3.4,1,0.006343283582089552,0.006343283582089552,0.003278688524590164,0.6077496274217591
youtube-dl,1,Statement,Ochiai,0,0,1,0.2695417789757413,75.37886786460876,4.333333333333334,1,3.989847372992417e-05,3.989847372992417e-05,0.0,-0.33547723179830213
youtube-dl,2,Statement,Ochiai,0,0,1,1.6842105263157894,69.2180483341217,14.9,1,0.00014151525800416,0.00014151525800416,0,-2.7251848838167434
youtube-dl,6,Statement,Ochiai,0,1,1,33.33333333333333,35.18240404129028,1.5,1,2.3032275895955532e-05,2.3032275895955532e-05,0.0,2.999803304484658
youtube-dl,7,Statement,Ochiai,0,1,1,4.3478260869565215,91.02659153938293,5.333333333333333,1,8.495003875845518e-05,8.495003875845518e-05,0.0,-0.6688498402555907
youtube-dl,13,Statement,Ochiai,0,1,1,9.090909090909092,61.20927572250366,8.5,1,7.402827008996612e-05,7.402827008996612e-05,0.0006265664160401002,-2.000814536340852
youtube-dl,17,Statement,Ochiai,1,0,1,3.8461538461538463,82.45962834358215,2.0,1,1.9669744981756312e-05,1.9669744981756312e-05,0.0,1.9996861924686193
youtube-dl,18,Statement,Ochiai,0,0,1,0.21052631578947367,96.41504907608032,11.0,1,0.0001088634654210047,0.0001088634654210047,0,-1.5320910973084887
youtube-dl,20,Statement,Ochiai,0,0,1,3.571428571428571,67.46742272377014,34885.33333333333,0,0.3476469982494078,-1,0.010460251046025104,-2.0048378661087867
youtube-dl,21,Statement,Ochiai,0,1,1,88.88888888888889,57.83148527145386,2.0,1,2.0809272611875853e-05,2.0809272611875853e-05,0.0,1.9997255009607464
youtube-dl,24,Statement,Ochiai,0,1,1,0.1520912547528517,115.31560850143433,52.25,1,0.0005855522682445759,0.0005855522682445759,0,-6.119442228185972
youtube-dl,25,Statement,Ochiai,0,0,1,3.4482758620689653,38.36088013648987,7.666666666666667,1,9.095690619970183e-05,9.095690619970183e-05,0.0,-1.0931042556927941
youtube-dl,31,Statement,Ochiai,0,1,1,58.139534883720934,7.539561986923218,3.2,1,7.957427761476103e-05,7.957427761476103e-05,0.0,0.6655665566556661
black,6,Statement,DStar,0,1,1,0.11206574523720583,58.77962040901184,29.5,1,0.00032641409223687707,0.00032641409223687707,1.3405759162303665,-2.326701570680628
black,7,Statement,DStar,0,1,1,0.11876484560570072,64.7829794883728,194.0,1,0.002147704502430006,0.002147704502430006,3.7888652670741427,-2.507668653430014
black,8,Statement,DStar,0,1,1,0.7784431137724551,46.83869695663452,36.0,1,0.0003985695780698161,0.0003985695780698161,0.9426251331203408,-2.3129659211927582
black,10,Statement,DStar,0,1,1,1.0344827586206897,62.782360315322876,1.0,1,1.1079964100916312e-05,1.1079964100916312e-05,0.0,8
black,11,Statement,DStar,0,1,1,0.12526096033402923,56.28782558441162,711.3333333333334,1,0.00788294528113006,0.00788294528113006,2.528618152085037,-2.339699412062454
black,14,Statement,DStar,1,1,1,5.742574257425743,52.5775830745697,1.0,1,1.1112716281240624e-05,1.1112716281240624e-05,0.0,8.0
black,15,Statement,DStar,0,1,1,5.055368319691863,61.06019687652588,1.0,1,1.1103955228852518e-05,1.1103955228852518e-05,0.0,8.0
black,18,Statement,DStar,0,0,1,0.15467904098994587,49.46785068511963,1.5,1,0.0002920560747663551,0.0002920560747663551,0.0,2.999848714069592
black,19,Statement,DStar,0,0,1,0.20352781546811397,33.047914028167725,18.0,1,0.00401965163019205,0.00401965163019205,1.5581717451523545,-2.2114590988750074
black,23,Statement,DStar,0,1,1,0.06711409395973154,14.277763605117798,147.0,1,0.04016393442622951,0.04016393442622951,0.11187072715972654,-2.0196661635443487
cookiecutter,2,Statement,DStar,0,1,1,5.555555555555555,2.641118288040161,1.0,1,0.00066711140760507,0.00066711140760507,0.0,8
fastapi,1,Statement,DStar,0,1,1,16.129032258064516,40.023441553115845,4.666666666666666,1,0.0010458688181682353,0.0010458688181682353,0.0,-0.47895500725689377
fastapi,3,Statement,DStar,1,1,1,5.172413793103448,12.749234676361084,4.5,1,0.001016719385449616,0.001016719385449616,0.0,-0.7552672147995889
fastapi,6,Statement,DStar,0,1,1,1.8518518518518516,1.0297150611877441,69.0,1,0.01567469332121763,0.01567469332121763,0,-7.15444164346452
fastapi,16,Statement,DStar,1,1,1,66.66666666666666,0.7255284786224365,1.0,1,0.00039416633819471815,0.00039416633819471815,0.0,8
httpie,2,Statement,DStar,0,1,1,1.6194331983805668,10.510277509689331,72.33333333333333,1,0.02637977145635789,0.02637977145635789,5,-7
httpie,3,Statement,DStar,1,0,1,0.47393364928909953,15.367119312286377,121.0,1,0.044600073719130114,0.044600073719130114,0,-7.0
httpie,4,Statement,DStar,0,1,1,0.2785515320334262,2.3080801963806152,269.5,1,0.10498636540708998,0.10498636540708998,0,-7.551687160423219
httpie,5,Statement,DStar,0,1,1,27.173913043478258,8.386019468307495,4.0,1,0.006633499170812604,0.006633499170812604,0.15282392026578073,5
keras,1,Statement,DStar,0,0,1,2.941176470588235,1049.5740146636963,10.0,1,0.00026091948024839533,0.00026091948024839533,1.8996216336523482,-1
keras,10,Statement,DStar,1,1,1,25.0,87.1016194820404,1.5,1,4.044107735030061e-05,4.044107735030061e-05,0.0,2.9991749174917492
keras,14,Statement,DStar,1,0,1,45.45454545454545,26.784066915512085,1.5,1,4.1849175571241246e-05,4.1849175571241246e-05,0.0,-2.0
keras,17,Statement,DStar,0,0,1,9.615384615384617,29.182665824890137,4.5,1,0.00012706121526993448,0.00012706121526993448,10.0,-1.3708333333333333
keras,33,Statement,DStar,1,1,1,95.45454545454545,6.845127820968628,1.6666666666666665,1,4.346503238144912e-05,4.346503238144912e-05,0.0,2.9965469613259668
keras,35,Statement,DStar,1,1,1,0.2145922746781116,18.091214179992676,7.5,1,0.00019959548648073238,0.00019959548648073238,0.0,-1.333970753655793
keras,38,Statement,DStar,1,0,1,0.11771630370806356,182.33350825309753,13.5,1,0.00036941768826619965,0.00036941768826619965,12.320566388115134,-3.008588672237697
keras,40,Statement,DStar,0,0,1,1.342281879194631,147.71782660484314,12.5,1,0.00035330695308083665,0.00035330695308083665,0.2937079731027858,-2.1594620557156583
keras,41,Statement,DStar,0,1,1,8.333333333333332,16.664397478103638,1.6666666666666665,1,4.8118101067259477e-05,4.8118101067259477e-05,0.0,2.9989510489510485
luigi,3,Statement,DStar,1,0,1,2.4390243902439024,22.991326093673706,1.0,1,4.669624095260332e-05,4.669624095260332e-05,0.0,8
luigi,5,Statement,DStar,0,0,1,3.6363636363636362,8.177030086517334,2.4,1,0.0001240245982119787,0.0001240245982119787,0.0,-0.18641588296760658
luigi,12,Statement,DStar,0,1,1,22.857142857142858,1.066664695739746,46.85714285714286,1,0.002748864417291028,0.002748864417291028,0,-12.0
luigi,26,Statement,DStar,1,1,1,16.666666666666664,1.0492701530456543,4.0,1,0.0003273858241938124,0.0003273858241938124,0.009933774834437087,-0.7991169977924941
luigi,28,Statement,DStar,0,0,1,33.33333333333333,3.7732553482055664,2.0,1,0.00016854879487611664,0.00016854879487611664,0.0,1.329654157468727
luigi,29,Statement,DStar,1,1,1,19.565217391304348,4.152209997177124,10.333333333333334,1,0.0008674725766733826,0.0008674725766733826,0.34653465346534656,-2.2194719471947195
luigi,30,Statement,DStar,0,1,1,1.3050570962479608,34.18578243255615,67.63636363636364,1,0.005711083647417347,0.005711083647417347,12.524707412223668,-7.0
luigi,31,Statement,DStar,0,0,1,0.2890173410404624,45.113813638687134,33.5,1,0.002832262428136625,0.002832262428136625,31.58140814081408,-2.016501650165017
pandas,2,Statement,DStar,1,1,1,0.6765899864682002,1341.9947276115417,52.0,1,0.0004048425396083927,0.0004048425396083927,5.03099263112267,-7
pandas,12,Statement,DStar,1,0,1,0.1620745542949757,2552.903843164444,95.0,1,0.0007437854766099041,0.0007437854766099041,0,-11.148936170212766
pandas,43,Statement,DStar,0,1,1,0.23134759976865238,85.88211822509766,923.75,1,0.007314340462258399,0.007314340462258399,0,-11.880952380952381
pandas,72,Statement,DStar,1,1,1,1.6006739679865205,15.268394708633423,3.25,1,2.5925128229672706e-05,2.5925128229672706e-05,0.0,-5.33341182626897
pandas,74,Statement,DStar,0,1,1,0.3546099290780142,134.1193699836731,96.5,1,0.0007701331971301565,0.0007701331971301565,80.0,-12.0
pandas,81,Statement,DStar,1,1,1,2.1505376344086025,23140.768271684647,87.5,1,0.000700224071702945,0.000700224071702945,207.5,-7.0
pandas,137,Statement,DStar,1,1,1,0.1282051282051282,3366.506372451782,205.5,1,0.0016410854322722844,0.0016410854322722844,30.782767433369845,-2.782767433369843
pandas,141,Statement,DStar,1,0,1,6.2645011600928076,46.401092290878296,92.5,1,0.0007409780910802259,0.0007409780910802259,0,-12.0
pandas,143,Statement,DStar,1,1,1,0.49261083743842365,2166.20321059227,50.5,1,0.0004047317550130636,0.0004047317550130636,0,-12.0
pandas,146,Statement,DStar,1,1,1,19.047619047619047,48.27202129364014,2.5,1,2.0057927294025143e-05,2.0057927294025143e-05,0.0,0.49193548387096797
sanic,3,Statement,DStar,0,1,1,5.88235294117647,284.4683532714844,17.5,1,0.0012862918044836457,0.0012862918044836457,25.02384196185286,-4.609673024523161
sanic,4,Statement,DStar,0,1,1,0.2004008016032064,47.88449215888977,18.5,1,0.0013499708114419148,0.0013499708114419148,25.0,-7.0
spacy,4,Statement,DStar,1,0,1,46.51162790697674,4.43233323097229,13.0,1,0.0001294665976178146,0.0001294665976178146,0.0851063829787234,-2.049645390070922
spacy,6,Statement,DStar,0,1,1,0.8620689655172413,34.51030898094177,18.666666666666664,1,0.00018750292973327706,0.00018750292973327706,22.5,-7.0
thefuck,4,Statement,DStar,1,0,1,37.5,27.40939736366272,4.0,1,0.0009675858732462506,0.0009675858732462506,0.0,-1.4112094395280237
thefuck,6,Statement,DStar,1,0,1,4.545454545454546,1.3505890369415283,2.0,1,0.0004889975550122249,0.0004889975550122249,0.0,-2.013888888888889
thefuck,14,Statement,DStar,0,1,1,100.0,7.336745738983154,1.0,1,0.00039261876717707107,0.00039261876717707107,0.0,8
thefuck,15,Statement,DStar,0,0,1,4.3478260869565215,3.262887954711914,2.0,1,0.0007914523149980214,0.0007914523149980214,0.0,-5.333333333333334
thefuck,17,Statement,DStar,0,0,1,1.7857142857142856,16.943659782409668,2.0,1,0.0008166598611678236,0.0008166598611678236,0.0,0.693877551020408
thefuck,20,Statement,DStar,0,0,1,58.333333333333336,0.8783576488494873,3.0,1,0.001344688480502017,0.001344688480502017,15.0,6
thefuck,26,Statement,DStar,0,0,1,57.89473684210527,2.047957181930542,1.6666666666666665,1,0.0009137426900584795,0.0009137426900584795,0.0,2.9615384615384617
thefuck,28,Statement,DStar,0,0,1,16.666666666666664,9.628909349441528,1.2,1,0.0006670372429127293,0.0006670372429127293,0.0,5.997014925373134
tornado,1,Statement,DStar,0,0,1,0.11689070718877849,78.14776730537415,1.0,1,5.662514156285391e-05,5.662514156285391e-05,0.0,8
tornado,5,Statement,DStar,0,1,1,27.397260273972602,2001.7016625404358,3.3333333333333335,1,0.00018432500184325002,0.00018432500184325002,0.0,0.20178068501862434
tqdm,5,Statement,DStar,1,1,1,1.240694789081886,80.39165186882019,8.333333333333334,1,0.004313319530710835,0.004313319530710835,0.4672330097087378,-2.078883495145631
tqdm,9,Statement,DStar,1,1,1,4.761904761904762,6.175822496414185,3.4,1,0.006343283582089552,0.006343283582089552,0.003278688524590164,0.6077496274217591
youtube-dl,1,Statement,DStar,0,0,1,0.2695417789757413,75.37886786460876,4.333333333333334,1,3.989847372992417e-05,3.989847372992417e-05,0.0,-0.33547723179830213
youtube-dl,2,Statement,DStar,0,0,1,1.6842105263157894,69.2180483341217,14.9,1,0.00014151525800416,0.00014151525800416,0,-2.7251848838167434
youtube-dl,6,Statement,DStar,0,1,1,33.33333333333333,35.18240404129028,1.5,1,2.3032275895955532e-05,2.3032275895955532e-05,0.0,2.999803304484658
youtube-dl,7,Statement,DStar,0,1,1,4.3478260869565215,91.02659153938293,5.333333333333333,1,8.495003875845518e-05,8.495003875845518e-05,0.0,-0.6688498402555907
youtube-dl,13,Statement,DStar,0,1,1,9.090909090909092,61.20927572250366,8.5,1,7.402827008996612e-05,7.402827008996612e-05,0.0006265664160401002,-2.000814536340852
youtube-dl,17,Statement,DStar,1,0,1,3.8461538461538463,82.45962834358215,2.0,1,1.9669744981756312e-05,1.9669744981756312e-05,0.0,1.9996861924686193
youtube-dl,18,Statement,DStar,0,0,1,0.21052631578947367,96.41504907608032,11.0,1,0.0001088634654210047,0.0001088634654210047,0,-1.5320910973084887
youtube-dl,20,Statement,DStar,0,0,1,3.571428571428571,67.46742272377014,34885.33333333333,0,0.3476469982494078,-1,0.010460251046025104,-2.0048378661087867
youtube-dl,21,Statement,DStar,0,1,1,88.88888888888889,57.83148527145386,2.0,1,2.0809272611875853e-05,2.0809272611875853e-05,0.0,1.9997255009607464
youtube-dl,24,Statement,DStar,0,1,1,0.1520912547528517,115.31560850143433,52.25,1,0.0005855522682445759,0.0005855522682445759,0,-6.119442228185972
youtube-dl,25,Statement,DStar,0,0,1,3.4482758620689653,38.36088013648987,7.666666666666667,1,9.095690619970183e-05,9.095690619970183e-05,0.0,-1.0931042556927941
youtube-dl,31,Statement,DStar,0,1,1,58.139534883720934,7.539561986923218,3.2,1,7.957427761476103e-05,7.957427761476103e-05,0.0,0.6655665566556661
black,6,Statement,Metallaxis,0,1,1,0.11206574523720583,60647.180084228516,158.5,1,0.0017537841904930512,0.0017537841904930512,0.29712041884816753,-2.074083769633508
black,7,Statement,Metallaxis,0,1,1,0.11876484560570072,38467.157809495926,7.0,1,7.749449235572187e-05,7.749449235572187e-05,0.09234653202232261,-2.0914164230667023
black,8,Statement,Metallaxis,0,1,1,0.7784431137724551,40048.151502370834,1.5,1,1.6607065752909003e-05,1.6607065752909003e-05,0.0,2.843450479233227
black,10,Statement,Metallaxis,0,1,1,1.0344827586206897,36411.9872405529,1.6666666666666665,1,1.846660683486052e-05,1.846660683486052e-05,0.0,1.7410313901345287
black,11,Statement,Metallaxis,0,1,1,0.12526096033402923,55316.58390331268,171.0,1,0.0018950098075068986,0.0018950098075068986,1.7965385663668574,-2.2003270645952577
black,14,Statement,Metallaxis,1,1,1,5.742574257425743,11397.33365225792,2.4,1,2.6670519074977497e-05,2.6670519074977497e-05,0.0,1.6352243598042517
black,15,Statement,Metallaxis,0,1,1,5.055368319691863,37823.36705946922,1.0769230769230769,1,1.1958105631071942e-05,1.1958105631071942e-05,0.0,7.2303423546486805
black,18,Statement,Metallaxis,0,0,1,0.15467904098994587,23721.572602033615,223.5,1,0.04351635514018692,0.04351635514018692,78.55068078668683,-2.006051437216339
black,19,Statement,Metallaxis,0,0,1,0.20352781546811397,14800.312005281448,5.0,1,0.0011165698972755694,0.0011165698972755694,0.4859517214087851,-2.0015829046299958
black,23,Statement,Metallaxis,0,1,1,0.06711409395973154,7935.155114650726,276.0,1,0.07540983606557378,0.07540983606557378,1.5546923555003107,-2.065257924176507
cookiecutter,2,Statement,Metallaxis,0,1,1,5.555555555555555,138.67243552207947,5.666666666666667,1,0.0037802979764287306,0.0037802979764287306,0.31496062992125984,-2.2992125984251963
fastapi,1,Statement,Metallaxis,0,1,1,16.129032258064516,967.2091643810272,1.0,1,0.00022411474675033618,0.00022411474675033618,0.0,8
fastapi,3,Statement,Metallaxis,1,1,1,5.172413793103448,1301.428593158722,2.666666666666667,1,0.0006025003765627354,0.0006025003765627354,0.0,-1.288503890764939
fastapi,6,Statement,Metallaxis,0,1,1,1.8518518518518516,361.4668378829956,9.0,1,0.002044525215810995,0.002044525215810995,0.0,-6.72657671315949
fastapi,16,Statement,Metallaxis,1,1,1,66.66666666666666,14.806779384613037,1.0,1,0.00039416633819471815,0.00039416633819471815,0.0,8
httpie,2,Statement,Metallaxis,0,1,1,1.6194331983805668,664.7562539577484,39.5,1,0.014405543398978848,0.014405543398978848,0,-7.95124716553288
httpie,3,Statement,Metallaxis,1,0,1,0.47393364928909953,612.1916303634644,13.0,1,0.004791743457427202,0.004791743457427202,67.63157894736842,-7.0
httpie,4,Statement,Metallaxis,0,1,1,0.2785515320334262,696.679612159729,71.5,1,0.02785352551616673,0.02785352551616673,0,-7.608884073672807
httpie,5,Statement,Metallaxis,0,1,1,27.173913043478258,609.3335168361664,8.0,1,0.013266998341625208,0.013266998341625208,1.0730897009966778,1
keras,1,Statement,Metallaxis,0,0,1,2.941176470588235,20474.759580373764,10.5,1,0.0002739654542608151,0.0002739654542608151,0,-1.6839994061926498
keras,10,Statement,Metallaxis,1,1,1,25.0,1428.1467032432556,2.0,1,5.3921436467067486e-05,5.3921436467067486e-05,0.0,1.3311331133113313
keras,14,Statement,Metallaxis,1,0,1,45.45454545454545,1781.590609550476,1.5,1,4.1849175571241246e-05,4.1849175571241246e-05,0.0,-2.0
keras,17,Statement,Metallaxis,0,0,1,9.615384615384617,2160.1674296855927,4.5,1,0.00012706121526993448,0.00012706121526993448,0.0,-5.768750000000001
keras,33,Statement,Metallaxis,1,1,1,95.45454545454545,136.22279143333435,1.0,1,2.6079019428869475e-05,2.6079019428869475e-05,0.0,8.0
keras,35,Statement,Metallaxis,1,1,1,0.2145922746781116,3499.2164299488068,53.5,1,0.001423781136895891,0.001423781136895891,0,-2.0651574803149604
keras,38,Statement,Metallaxis,1,0,1,0.11771630370806356,162475.837921381,6.0,1,0.00016418563922942207,0.00016418563922942207,10.015552460538533,-2.6736304549675025
keras,40,Statement,Metallaxis,0,0,1,1.342281879194631,13953.761546850204,1.0,1,2.826455624646693e-05,2.826455624646693e-05,0.0,8
keras,41,Statement,Metallaxis,0,1,1,8.333333333333332,2113.677156686783,2.0,1,5.774172128071138e-05,5.774172128071138e-05,0.0,1.3230769230769233
luigi,3,Statement,Metallaxis,1,0,1,2.4390243902439024,829.0209035873413,1.0,1,4.669624095260332e-05,4.669624095260332e-05,0.0,8
luigi,5,Statement,Metallaxis,0,0,1,3.6363636363636362,358.73215317726135,1.0,1,5.16769159216578e-05,5.16769159216578e-05,0.0,8
luigi,12,Statement,Metallaxis,0,1,1,22.857142857142858,458.0725688934326,8.2,1,0.0004810512730259298,0.0004810512730259298,0.0,-9.75
luigi,26,Statement,Metallaxis,1,1,1,16.666666666666664,458.1725857257843,1.0,1,8.18464560484531e-05,8.18464560484531e-05,0.0,8
luigi,28,Statement,Metallaxis,0,0,1,33.33333333333333,30.47791600227356,1.5,1,0.00012641159615708747,0.00012641159615708747,0.0,2.9966887417218544
luigi,29,Statement,Metallaxis,1,1,1,19.565217391304348,197.0684049129486,3.333333333333333,1,0.0002798298634430266,0.0002798298634430266,0.1782178217821782,0.2978547854785476
luigi,30,Statement,Metallaxis,0,1,1,1.3050570962479608,134119.09413290024,1.0,1,8.443806467955755e-05,8.443806467955755e-05,0.0,8
luigi,31,Statement,Metallaxis,0,0,1,0.2890173410404624,21219.00793480873,1.5,1,0.00012681772066283395,0.00012681772066283395,0.0,2.9994499449945
pandas,2,Statement,Metallaxis,1,1,1,0.6765899864682002,45242.27771639824,6.5,1,5.0605317451049084e-05,5.0605317451049084e-05,0.005635023840485479,-2.0056350238404854
pandas,12,Statement,Metallaxis,1,0,1,0.1620745542949757,57601.012444257736,28.5,1,0.00022313564298297124,0.00022313564298297124,0,-11.444444444444445
pandas,43,Statement,Metallaxis,0,1,1,0.23134759976865238,61607.92873764038,188.0,1,0.0014886019019264725,0.0014886019019264725,0,-12.0
pandas,72,Statement,Metallaxis,1,1,1,1.6006739679865205,11336.808922052383,5.0,1,3.988481266103493e-05,3.988481266103493e-05,0.0,-8.428616281677506
pandas,74,Statement,Metallaxis,0,1,1,0.3546099290780142,13110.050924539566,14.5,1,0.00011571949594183699,0.00011571949594183699,95.05639097744361,-10.7515664160401
pandas,81,Statement,Metallaxis,1,1,1,2.1505376344086025,50137.30511569977,12.0,1,9.603072983354673e-05,9.603072983354673e-05,370.0,-11
pandas,137,Statement,Metallaxis,1,1,1,0.1282051282051282,105794.2286362648,49.5,1,0.0003952979508393094,0.0003952979508393094,132.5,-11.5
pandas,141,Statement,Metallaxis,1,0,1,6.2645011600928076,7658.712118864059,32.5,1,0.00026034365362278205,0.00026034365362278205,0,-12.0
pandas,143,Statement,Metallaxis,1,1,1,0.49261083743842365,55284.04243397713,28.0,1,0.00022440572555179766,0.00022440572555179766,55.0,-12.0
pandas,146,Statement,Metallaxis,1,1,1,19.047619047619047,727.0326640605927,2.5,1,2.0057927294025143e-05,2.0057927294025143e-05,0.023769100169779286,1.994057724957555
sanic,3,Statement,Metallaxis,0,1,1,5.88235294117647,6982.3578724861145,25.5,1,0.0018743109151047408,0.0018743109151047408,0.027929155313351498,-2.0088555858310624
sanic,4,Statement,Metallaxis,0,1,1,0.2004008016032064,7370.0145852565765,107.0,1,0.007807939287799183,0.007807939287799183,140,-7
spacy,4,Statement,Metallaxis,1,0,1,46.51162790697674,142.55076122283936,1.0,1,9.9589690475242e-06,9.9589690475242e-06,0.0,8
spacy,6,Statement,Metallaxis,0,1,1,0.8620689655172413,4397.023817062378,17.0,1,0.00017076159672137735,0.00017076159672137735,0,-5.119365983595749
thefuck,4,Statement,Metallaxis,1,0,1,37.5,43.132866621017456,1.6666666666666665,1,0.000403160780519271,0.000403160780519271,0.0,-2.0
thefuck,6,Statement,Metallaxis,1,0,1,4.545454545454546,72.23761439323425,1.0,1,0.00024449877750611245,0.00024449877750611245,0.0,8
thefuck,14,Statement,Metallaxis,0,1,1,100.0,9.169326305389404,1.0,1,0.00039261876717707107,0.00039261876717707107,0.0,8
thefuck,15,Statement,Metallaxis,0,0,1,4.3478260869565215,68.23840570449829,1.0,1,0.0003957261574990107,0.0003957261574990107,0.0,8
thefuck,17,Statement,Metallaxis,0,0,1,1.7857142857142856,533.4819567203522,7.0,1,0.0028583095140873828,0.0028583095140873828,0.40816326530612246,-2.1224489795918364
thefuck,20,Statement,Metallaxis,0,0,1,58.333333333333336,43.491228342056274,1.5,1,0.0006723442402510085,0.0006723442402510085,0.0,-2.0
thefuck,26,Statement,Metallaxis,0,0,1,57.89473684210527,36.84566569328308,1.5,1,0.0008223684210526315,0.0008223684210526315,0.0,2.9615384615384617
thefuck,28,Statement,Metallaxis,0,0,1,16.666666666666664,66.50066685676575,1.0,1,0.0005558643690939411,0.0005558643690939411,0.0,8
tornado,1,Statement,Metallaxis,0,0,1,0.11689070718877849,58152.868394851685,465.5,1,0.026359003397508494,0.026359003397508494,42.7463768115942,-6.016425120772947
tornado,5,Statement,Metallaxis,0,1,1,27.397260273972602,5809.100916862488,2.0,1,0.00011059500110595002,0.00011059500110595002,0.0,1.991986917416189
tqdm,5,Statement,Metallaxis,1,1,1,1.240694789081886,18537.036682605743,19.0,1,0.009834368530020704,0.009834368530020704,8.880258899676376,-2.085760517799353
tqdm,9,Statement,Metallaxis,1,1,1,4.761904761904762,1288.7601749897003,1.3333333333333333,1,0.0024875621890547263,0.0024875621890547263,0.0,4.665573770491803
youtube-dl,1,Statement,Metallaxis,0,0,1,0.2695417789757413,17249.597576856613,2.333333333333333,1,2.1483793546882238e-05,2.1483793546882238e-05,0.0,1.3314895806534603
youtube-dl,2,Statement,Metallaxis,0,0,1,1.6842105263157894,14802.59272313118,13.333333333333334,1,0.00012663557763235793,0.00012663557763235793,0,-3.5963101938711697
youtube-dl,6,Statement,Metallaxis,0,1,1,33.33333333333333,1099.8362061977386,1.5,1,2.3032275895955532e-05,2.3032275895955532e-05,0.0,2.999803304484658
youtube-dl,7,Statement,Metallaxis,0,1,1,4.3478260869565215,1283.75954246521,3.5,1,5.5748462935236215e-05,5.5748462935236215e-05,0.0,-0.3343982960596381
youtube-dl,13,Statement,Metallaxis,0,1,1,9.090909090909092,2989.8553450107574,4.0,1,3.483683298351347e-05,3.483683298351347e-05,0.0007518796992481203,-0.6671679197994984
youtube-dl,17,Statement,Metallaxis,1,0,1,3.8461538461538463,3072.5277514457703,2.5,1,2.458718122719539e-05,2.458718122719539e-05,0.0,0.4996077405857742
youtube-dl,18,Statement,Metallaxis,0,0,1,0.21052631578947367,30649.701279878616,7.0,1,6.927675072245754e-05,6.927675072245754e-05,0.0,-2.033643498129077
youtube-dl,20,Statement,Metallaxis,0,0,1,3.571428571428571,3039.9116656780243,33454.666666666664,0,0.3333898040466248,-1,0.8663702928870293,-2.0047071129707112
youtube-dl,21,Statement,Metallaxis,0,1,1,88.88888888888889,2411.5949206352234,1.3333333333333333,1,1.3872848407917234e-05,1.3872848407917234e-05,0.0,4.666483667307165
youtube-dl,24,Statement,Metallaxis,0,1,1,0.1520912547528517,23554.804122686386,22.0,1,0.0002465483234714004,0.0002465483234714004,0.062114673242909986,-6.168362104397863
youtube-dl,25,Statement,Metallaxis,0,0,1,3.4482758620689653,2646.812632083893,5.5,1,6.525169357804695e-05,6.525169357804695e-05,0.0,-1.0019639407598198
youtube-dl,31,Statement,Metallaxis,0,1,1,58.139534883720934,593.8516111373901,2.666666666666667,1,6.631189801230087e-05,6.631189801230087e-05,0.0,0.8561999057048566
black,6,Statement,Muse,0,1,1,0.11206574523720583,60647.180084228516,162.5,1,0.0017980437284234752,0.0017980437284234752,0,-2.922221759788304
black,7,Statement,Muse,0,1,1,0.11876484560570072,38467.157809495926,105.5,1,0.0011679527062183794,0.0011679527062183794,0.00026574541589157585,-2.0002657454158914
black,8,Statement,Muse,0,1,1,0.7784431137724551,40048.151502370834,210.0,1,0.0023249892054072606,0.0023249892054072606,0,-5.188514923457393
black,10,Statement,Muse,0,1,1,1.0344827586206897,36411.9872405529,1.0,1,1.1079964100916312e-05,1.1079964100916312e-05,0.0,8
black,11,Statement,Muse,0,1,1,0.12526096033402923,55316.58390331268,290.5,1,0.003219300287021953,0.003219300287021953,0,-4.368551517372957
black,14,Statement,Muse,1,1,1,5.742574257425743,11397.33365225792,18.0,1,0.00020002889306233122,0.00020002889306233122,0,-9.447357448020508
black,15,Statement,Muse,0,1,1,5.055368319691863,37823.36705946922,17.310344827586206,1,0.000192213293961516,0.000192213293961516,0,-4.17549307600116
black,18,Statement,Muse,0,0,1,0.15467904098994587,23721.572602033615,21.5,1,0.00418613707165109,0.00418613707165109,0.026928895612708014,-2.004841149773071
black,19,Statement,Muse,0,0,1,0.20352781546811397,14800.312005281448,68.5,1,0.0152970075926753,0.0152970075926753,1.3941432528690147,-2.0138504155124655
black,23,Statement,Muse,0,1,1,0.06711409395973154,7935.155114650726,18.5,1,0.005054644808743169,0.005054644808743169,0.06525792417650715,-2.0205096333126162
cookiecutter,2,Statement,Muse,0,1,1,5.555555555555555,138.67243552207947,5.666666666666667,1,0.0037802979764287306,0.0037802979764287306,0.0,-2.3779527559055116
fastapi,1,Statement,Muse,0,1,1,16.129032258064516,967.2091643810272,6.333333333333333,1,0.0014193933960854623,0.0014193933960854623,0.0,-0.9224318658280923
fastapi,3,Statement,Muse,1,1,1,5.172413793103448,1301.428593158722,5.0,1,0.0011296882060551287,0.0011296882060551287,0.03699897225077081,-2.011305241521069
fastapi,6,Statement,Muse,0,1,1,1.8518518518518516,361.4668378829956,1.0,1,0.00022716946842344388,0.00022716946842344388,0.0,8
fastapi,16,Statement,Muse,1,1,1,66.66666666666666,14.806779384613037,1.5,1,0.0005912495072920772,0.0005912495072920772,0.0,2.9936708860759493
httpie,2,Statement,Muse,0,1,1,1.6194331983805668,664.7562539577484,60.0,1,0.02188183807439825,0.02188183807439825,0,-8.09380895215229
httpie,3,Statement,Muse,1,0,1,0.47393364928909953,612.1916303634644,2.0,1,0.0007371913011426465,0.0007371913011426465,0.013157894736842105,7
httpie,4,Statement,Muse,0,1,1,0.2785515320334262,696.679612159729,2.0,1,0.0007791195948578107,0.0007791195948578107,0.0,-2.0
httpie,5,Statement,Muse,0,1,1,27.173913043478258,609.3335168361664,1.0,1,0.001658374792703151,0.001658374792703151,0.0,8
keras,1,Statement,Muse,0,0,1,2.941176470588235,20474.759580373764,11.5,1,0.00030005740228565466,0.00030005740228565466,1.8057664028348834,-2.3131537947918988
keras,10,Statement,Muse,1,1,1,25.0,1428.1467032432556,3.0,1,8.088215470060122e-05,8.088215470060122e-05,0.0,0.48948019801980225
keras,14,Statement,Muse,1,0,1,45.45454545454545,1781.590609550476,3.5,1,9.764807633289625e-05,9.764807633289625e-05,0.0,-8.666666666666668
keras,17,Statement,Muse,0,0,1,9.615384615384617,2160.1674296855927,8.0,1,0.00022588660492432798,0.00022588660492432798,40.075,1
keras,33,Statement,Muse,1,1,1,95.45454545454545,136.22279143333435,1.3333333333333333,1,3.4772025905159296e-05,3.4772025905159296e-05,0.0,4.663904235727441
keras,35,Statement,Muse,1,1,1,0.2145922746781116,3499.2164299488068,51.0,1,0.0013572493080689803,0.0013572493080689803,0,-1.9690808450923831
keras,38,Statement,Muse,1,0,1,0.11771630370806356,162475.837921381,255.0,1,0.006977889667250438,0.006977889667250438,0,-10.743670568577123
keras,40,Statement,Muse,0,0,1,1.342281879194631,13953.761546850204,21.333333333333332,1,0.0006029771999246278,0.0006029771999246278,0,-8.224440784959516
keras,41,Statement,Muse,0,1,1,8.333333333333332,2113.677156686783,4.0,1,0.00011548344256142276,0.00011548344256142276,0.0,-0.5786213786213785
luigi,3,Statement,Muse,1,0,1,2.4390243902439024,829.0209035873413,7.0,1,0.0003268736866682232,0.0003268736866682232,0.0,-4.218849840255591
luigi,5,Statement,Muse,0,0,1,3.6363636363636362,358.73215317726135,1.0,1,5.16769159216578e-05,5.16769159216578e-05,0.0,8
luigi,12,Statement,Muse,0,1,1,22.857142857142858,458.0725688934326,8.2,1,0.0004810512730259298,0.0004810512730259298,0.0,-9.75
luigi,26,Statement,Muse,1,1,1,16.666666666666664,458.1725857257843,9.5,1,0.0007775413324603045,0.0007775413324603045,0.0,-10.338484179543782
luigi,28,Statement,Muse,0,0,1,33.33333333333333,30.47791600227356,1.5,1,0.00012641159615708747,0.00012641159615708747,0.0,2.9966887417218544
luigi,29,Statement,Muse,1,1,1,19.565217391304348,197.0684049129486,1.0,1,8.3948959032908e-05,8.3948959032908e-05,0.0,8
luigi,30,Statement,Muse,0,1,1,1.3050570962479608,134119.09413290024,23.0,1,0.0019420754876298236,0.0019420754876298236,139.13133940182055,-2.0221066319895966
luigi,31,Statement,Muse,0,0,1,0.2890173410404624,21219.00793480873,1.5,1,0.00012681772066283395,0.00012681772066283395,0.0,2.9994499449945
pandas,2,Statement,Muse,1,1,1,0.6765899864682002,45242.27771639824,132.0,1,0.0010276772159289967,0.0010276772159289967,0,-9.287387038375904
pandas,12,Statement,Muse,1,0,1,0.1620745542949757,57601.012444257736,118.5,1,0.0009277745155607751,0.0009277745155607751,0,-11.068140848625495
pandas,43,Statement,Muse,0,1,1,0.23134759976865238,61607.92873764038,4.0,1,3.167238089205261e-05,3.167238089205261e-05,10.036240090600225,5
pandas,72,Statement,Muse,1,1,1,1.6006739679865205,11336.808922052383,108.0,1,0.0008615119534783546,0.0008615119534783546,390.0,-12.0
pandas,74,Statement,Muse,0,1,1,0.3546099290780142,13110.050924539566,43.5,1,0.00034715848782551097,0.00034715848782551097,0,-10.49967943113598
pandas,81,Statement,Muse,1,1,1,2.1505376344086025,50137.30511569977,16.333333333333336,1,0.00013070849338454974,0.00013070849338454974,0,-8.091948621553886
pandas,137,Statement,Muse,1,1,1,0.1282051282051282,105794.2286362648,371.5,1,0.0029667310855919886,0.0029667310855919886,550,-12
pandas,141,Statement,Muse,1,0,1,6.2645011600928076,7658.712118864059,72.0,1,0.0005767613249489326,0.0005767613249489326,160.87961859356375,-10.056257449344457
pandas,143,Statement,Muse,1,1,1,0.49261083743842365,55284.04243397713,227.0,1,0.0018192892750092168,0.0018192892750092168,410.0,-12.0
pandas,146,Statement,Muse,1,1,1,19.047619047619047,727.0326640605927,8.0,1,6.418536734088046e-05,6.418536734088046e-05,32.741086587436335,1
sanic,3,Statement,Muse,0,1,1,5.88235294117647,6982.3578724861145,17.5,1,0.0012862918044836457,0.0012862918044836457,0,-4.5532937970828655
sanic,4,Statement,Muse,0,1,1,0.2004008016032064,7370.0145852565765,88.0,1,0.00642148277875073,0.00642148277875073,0,-6.582885154061625
spacy,4,Statement,Muse,1,0,1,46.51162790697674,142.55076122283936,4.0,1,3.98358761900968e-05,3.98358761900968e-05,0.1702127659574468,5
spacy,6,Statement,Muse,0,1,1,0.8620689655172413,4397.023817062378,1.5,1,1.5067199710709765e-05,1.5067199710709765e-05,0.0,0.5
thefuck,4,Statement,Muse,1,0,1,37.5,43.132866621017456,2.333333333333333,1,0.0005644250927269794,0.0005644250927269794,0.0,-2.0176991150442474
thefuck,6,Statement,Muse,1,0,1,4.545454545454546,72.23761439323425,6.5,1,0.001589242053789731,0.001589242053789731,0.0,-10.333333333333334
thefuck,14,Statement,Muse,0,1,1,100.0,9.169326305389404,1.0,1,0.00039261876717707107,0.00039261876717707107,0.0,8
thefuck,15,Statement,Muse,0,0,1,4.3478260869565215,68.23840570449829,1.0,1,0.0003957261574990107,0.0003957261574990107,0.0,8
thefuck,17,Statement,Muse,0,0,1,1.7857142857142856,533.4819567203522,4.5,1,0.0018374846876276032,0.0018374846876276032,0.0,-4.538265306122449
thefuck,20,Statement,Muse,0,0,1,58.333333333333336,43.491228342056274,2.0,1,0.0008964589870013447,0.0008964589870013447,0.0,-0.013333333333333197
thefuck,26,Statement,Muse,0,0,1,57.89473684210527,36.84566569328308,2.0,1,0.0010964912280701754,0.0010964912280701754,0.0,1.2820512820512824
thefuck,28,Statement,Muse,0,0,1,16.666666666666664,66.50066685676575,2.5,1,0.0013896609227348527,0.0013896609227348527,0.0,-2.0970149253731343
tornado,1,Statement,Muse,0,0,1,0.11689070718877849,58152.868394851685,301.5,1,0.01707248018120045,0.01707248018120045,0,-6.496014693373138
tornado,5,Statement,Muse,0,1,1,27.397260273972602,5809.100916862488,2.333333333333333,1,0.000129027501290275,0.000129027501290275,0.0,1.320795857181793
tqdm,5,Statement,Muse,1,1,1,1.240694789081886,18537.036682605743,56.0,1,0.028985507246376812,0.028985507246376812,0.09627831715210355,-2.085760517799353
tqdm,9,Statement,Muse,1,1,1,4.761904761904762,1288.7601749897003,9.0,1,0.016791044776119403,0.016791044776119403,0.0,-1.3281163006495516
youtube-dl,1,Statement,Muse,0,0,1,0.2695417789757413,17249.597576856613,27.333333333333332,1,0.00025166729583490623,0.00025166729583490623,0,-1.9418352406089308
youtube-dl,2,Statement,Muse,0,0,1,1.6842105263157894,14802.59272313118,1.0,1,9.497668322426843e-06,9.497668322426843e-06,0.0,8
youtube-dl,6,Statement,Muse,0,1,1,33.33333333333333,1099.8362061977386,1.5,1,2.3032275895955532e-05,2.3032275895955532e-05,0.0,2.999803304484658
youtube-dl,7,Statement,Muse,0,1,1,4.3478260869565215,1283.75954246521,4.5,1,7.167659520244656e-05,7.167659520244656e-05,0.0,-0.751797124600639
youtube-dl,13,Statement,Muse,0,1,1,9.090909090909092,2989.8553450107574,3.0,1,2.61276247376351e-05,2.61276247376351e-05,0.0,-0.0006015037593982697
youtube-dl,17,Statement,Muse,1,0,1,3.8461538461538463,3072.5277514457703,2.5,1,2.458718122719539e-05,2.458718122719539e-05,0.0,0.4996077405857742
youtube-dl,18,Statement,Muse,0,0,1,0.21052631578947367,30649.701279878616,77.0,1,0.000762044257947033,0.000762044257947033,0,-3.5712778438969215
youtube-dl,20,Statement,Muse,0,0,1,3.571428571428571,3039.9116656780243,33454.666666666664,0,0.3333898040466248,-1,0.002353556485355648,-2.0233721234309625
youtube-dl,21,Statement,Muse,0,1,1,88.88888888888889,2411.5949206352234,1.3333333333333333,1,1.3872848407917234e-05,1.3872848407917234e-05,0.0,4.666483667307165
youtube-dl,24,Statement,Muse,0,1,1,0.1520912547528517,23554.804122686386,121.0,1,0.0013560157790927022,0.0013560157790927022,0,-4.918342704821158
youtube-dl,25,Statement,Muse,0,0,1,3.4482758620689653,2646.812632083893,5.0,1,5.931972143458814e-05,5.931972143458814e-05,0.008692852543464262,-1.5018110109465548
youtube-dl,31,Statement,Muse,0,1,1,58.139534883720934,593.8516111373901,2.666666666666667,1,6.631189801230087e-05,6.631189801230087e-05,0.0,0.8561999057048566
black,6,Statement,PS,0,1,1,0.11206574523720583,169262.10593223572,2659.1176470588234,0,0.02942282959036496,-1,0.6664921465968586,-2.6664921465968585
black,7,Statement,PS,0,1,1,0.11876484560570072,14672.780691862106,1.0,1,1.1070641765103124e-05,1.1070641765103124e-05,0.0,8
black,8,Statement,PS,0,1,1,0.7784431137724551,18637.41338825226,30108.0,0,0.33333702379238955,-1,10,-10
black,10,Statement,PS,0,1,1,1.0344827586206897,38684.765807151794,5.0,1,5.5399820504581564e-05,5.5399820504581564e-05,0.26905829596412556,4
black,11,Statement,PS,0,1,1,0.12526096033402923,118834.71238160133,18047.6,0,0.20000221638573976,-1,10,-10
black,14,Statement,PS,1,1,1,5.742574257425743,37932.707665205,6922.153846153846,0,0.07692393174740625,-1,10,-10
black,15,Statement,PS,0,1,1,5.055368319691863,113452.8176958561,784.1130434782609,0,0.008706756129141896,-1,10,-12
black,18,Statement,PS,0,0,1,0.15467904098994587,29421.612568616867,369.7142857142857,0,0.07198486871384067,-1,0.026928895612708018,-2.000302571860817
black,19,Statement,PS,0,0,1,0.20352781546811397,6064.00123167038,1493.0,0,0.333407771326485,-1,10,-10
black,23,Statement,PS,0,1,1,0.06711409395973154,35329.5361802578,203.38888888888889,0,0.055570734669095324,-1,10,-10
cookiecutter,2,Statement,PS,0,1,1,5.555555555555555,26.76218032836914,187.5,0,0.12508338892595064,-1,10,-10
fastapi,1,Statement,PS,0,1,1,16.129032258064516,205.24002027511597,39.14912280701754,0,0.008773895743392546,-1,10,-10
fastapi,3,Statement,PS,1,1,1,5.172413793103448,242.84236693382263,491.8888888888889,0,0.1111362152934679,-1,10,-10
fastapi,6,Statement,PS,0,1,1,1.8518518518518516,457.0858738422394,1.0,1,0.00022716946842344388,0.00022716946842344388,0.0,8.0
fastapi,16,Statement,PS,1,1,1,66.66666666666666,13.46517539024353,211.5,0,0.0833661805281829,-1,10,-10
httpie,2,Statement,PS,0,1,1,1.6194331983805668,192.34046244621277,914.3333333333334,0,0.3334548991004133,-1,10,-10
httpie,3,Statement,PS,1,0,1,0.47393364928909953,26.51479935646057,904.6666666666666,0,0.33345619855019043,-1,10,-10
httpie,4,Statement,PS,0,1,1,0.2785515320334262,220.40973734855652,1.0,1,0.00038955979742890534,0.00038955979742890534,0.0,8
httpie,5,Statement,PS,0,1,1,27.173913043478258,26.653422117233276,75.5,0,0.1252072968490879,-1,10,-10
keras,1,Statement,PS,0,0,1,2.941176470588235,627.9061393737793,2021.9473684210527,0,0.052756545645803184,-1,0.0343811394891945,-2.2275666098366504
keras,10,Statement,PS,1,1,1,25.0,86.7047348022461,2060.6666666666665,0,0.055557053373235195,-1,10,-10
keras,14,Statement,PS,1,0,1,45.45454545454545,58.315861225128174,17922.0,0,0.5000139497251904,-1,10,-10
keras,17,Statement,PS,0,0,1,9.615384615384617,145.79922080039978,17710.5,0,0.5000705895640388,-1,100,-12
keras,33,Statement,PS,1,1,1,95.45454545454545,28.679107666015625,7669.2,0,0.20000521580388578,-1,10,-10
keras,35,Statement,PS,1,1,1,0.2145922746781116,5849.953172206879,4697.125,0,0.12500332659144134,-1,10,-10
keras,38,Statement,PS,1,0,1,0.11771630370806356,6425.10378241539,18272.5,0,0.5000136821366025,-1,10,-10
keras,40,Statement,PS,0,0,1,1.342281879194631,827.7390344142914,8845.25,0,0.2500070661390616,-1,10,-10
keras,41,Statement,PS,0,1,1,8.333333333333332,77.3177375793457,2164.875,0,0.06250180442879003,-1,10,-10
luigi,3,Statement,PS,1,0,1,2.4390243902439024,1161.3689420223236,7138.666666666667,0,0.3333488987469842,-1,10,-10
luigi,5,Statement,PS,0,0,1,3.6363636363636362,979.3244543075562,1759.2727272727273,0,0.09091378881053833,-1,10,-10
luigi,12,Statement,PS,0,1,1,22.857142857142858,2486.9663710594177,1002.7647058823529,0,0.05882698028172902,-1,10,-10
luigi,26,Statement,PS,1,1,1,16.666666666666664,1625.583032131195,6109.5,0,0.5000409232280242,-1,10,-10
luigi,28,Statement,PS,0,0,1,33.33333333333333,26.51798176765442,5933.5,0,0.500042137198719,-1,10,-10
luigi,29,Statement,PS,1,1,1,19.565217391304348,195.6962513923645,3971.0,0,0.33336131631967764,-1,10,-10
luigi,30,Statement,PS,0,1,1,1.3050570962479608,7757.297324419022,2.0,1,0.0001688761293591151,0.0001688761293591151,5.0,7
luigi,31,Statement,PS,0,0,1,0.2890173410404624,960.8979938030243,5916.5,0,0.5002113628677713,-1,0.33333333333333337,-2.0451045104510452
pandas,2,Statement,PS,1,1,1,0.6765899864682002,32277.67711544037,25689.2,0,0.20000155708669082,-1,10,-10
pandas,12,Statement,PS,1,0,1,0.1620745542949757,24271.84233021736,9826.0,0,0.07693090624388334,-1,5,-7
pandas,43,Statement,PS,0,1,1,0.23134759976865238,28776.36675977707,3.0,1,2.3754285669039456e-05,2.3754285669039456e-05,30.0,6
pandas,72,Statement,PS,1,1,1,1.6006739679865205,4081.1331992149353,15670.25,0,0.12500099712031654,-1,10,-10
pandas,74,Statement,PS,0,1,1,0.3546099290780142,3342.62832403183,1.0,1,7.980654892540482e-06,7.980654892540482e-06,0.0,8
pandas,81,Statement,PS,1,1,1,2.1505376344086025,12458.790018081665,20826.833333333332,0,0.16666800042680324,-1,10,-10
pandas,137,Statement,PS,1,1,1,0.1282051282051282,132688.53024053574,31308.75,0,0.2500259539058632,-1,100,-12
pandas,141,Statement,PS,1,0,1,6.2645011600928076,15481.485755681992,62418.0,0,0.5000040052869789,-1,10,-10
pandas,143,Statement,PS,1,1,1,0.49261083743842365,66614.74611353874,41591.666666666664,0,0.3333360048300661,-1,10,-10
pandas,146,Statement,PS,1,1,1,19.047619047619047,267.63145875930786,13848.888888888889,0,0.1111120025745464,-1,10,-10
sanic,3,Statement,PS,0,1,1,5.88235294117647,196.67888522148132,3401.5,0,0.2500183755972069,-1,10,-10
sanic,4,Statement,PS,0,1,1,0.2004008016032064,459.0560920238495,4568.333333333333,0,0.33335765713173765,-1,10,-10
spacy,4,Statement,PS,1,0,1,46.51162790697674,11.089735269546509,50206.5,0,0.5000049794845237,-1,10,-10
spacy,6,Statement,PS,0,1,1,0.8620689655172413,306.7640278339386,4.0,1,4.017919922855937e-05,4.017919922855937e-05,30.0,5
thefuck,4,Statement,PS,1,0,1,37.5,13.70940113067627,1033.75,0,0.2500604741170779,-1,10,-10
thefuck,6,Statement,PS,1,0,1,4.545454545454546,5.421767711639404,1363.6666666666667,0,0.3334148329258354,-1,10,-10
thefuck,14,Statement,PS,0,1,1,100.0,11.717396974563599,424.6666666666667,0,0.16673210312786285,-1,10,-10
thefuck,15,Statement,PS,0,0,1,4.3478260869565215,37.31206679344177,505.6,0,0.2000791452314998,-1,10,-10
thefuck,17,Statement,PS,0,0,1,1.7857142857142856,290.60990047454834,222.72727272727272,0,0.09094621181187126,-1,10,-10
thefuck,20,Statement,PS,0,0,1,58.333333333333336,6.726948022842407,446.4,0,0.20008964589870012,-1,10,-10
thefuck,26,Statement,PS,0,0,1,57.89473684210527,15.910508871078491,608.3333333333334,0,0.33351608187134507,-1,10,-10
thefuck,28,Statement,PS,0,0,1,16.666666666666664,254.17725825309753,180.0,0,0.1000555864369094,-1,10,-10
tornado,1,Statement,PS,0,0,1,0.11689070718877849,2285.3014409542084,4415.25,0,0.2500141562853907,-1,10,-10
tornado,5,Statement,PS,0,1,1,27.397260273972602,15.831645965576172,6028.333333333333,0,0.33335176583351767,-1,10,-10
tqdm,5,Statement,PS,1,1,1,1.240694789081886,452.6366128921509,193.3,0,0.10005175983436854,-1,10,-10
tqdm,9,Statement,PS,1,1,1,4.761904761904762,131.17345690727234,59.666666666666664,0,0.111318407960199,-1,10,-10
youtube-dl,1,Statement,PS,0,0,1,0.2695417789757413,255.04470682144165,36203.333333333336,0,0.3333364024466972,-1,10,-10
youtube-dl,2,Statement,PS,0,0,1,1.6842105263157894,1180.5317454338074,9571.818181818182,0,0.09090995433348385,-1,10,-10
youtube-dl,6,Statement,PS,0,1,1,33.33333333333333,8.705832242965698,10854.5,0,0.16666922580843288,-1,10,-10
youtube-dl,7,Statement,PS,0,1,1,4.3478260869565215,69.46882820129395,20927.666666666668,0,0.33333864271075575,-1,10,-10
youtube-dl,13,Statement,PS,0,1,1,9.090909090909092,214.2409746646881,3.0,1,2.61276247376351e-05,2.61276247376351e-05,0.0015037593984962407,6
youtube-dl,17,Statement,PS,1,0,1,3.8461538461538463,21.799129247665405,33893.333333333336,0,0.33333661162416367,-1,10,-10
youtube-dl,18,Statement,PS,0,0,1,0.21052631578947367,507.5519185066223,50522.5,0,0.5000049483393373,-1,10,-10
youtube-dl,20,Statement,PS,0,0,1,3.571428571428571,11.767359972000122,33449.333333333336,0,0.33333665513999755,-1,10,-10
youtube-dl,21,Statement,PS,0,1,1,88.88888888888889,25.272900819778442,32037.333333333332,0,0.3333368015454353,-1,10,-10
youtube-dl,24,Statement,PS,0,1,1,0.1520912547528517,16454.483955860138,22311.25,0,0.2500364219114219,-1,40.019112207151665,-3.0095561035758323
youtube-dl,25,Statement,PS,0,0,1,3.4482758620689653,264.5544602870941,21074.0,0,0.2500207619025021,-1,0.009336767546683838,-2.00032195750161
youtube-dl,31,Statement,PS,0,1,1,58.139534883720934,163.38179850578308,3655.909090909091,0,0.0909113515419777,-1,10,-10
black,6,Statement,ST,0,1,1,0.11206574523720583,1.1557211875915527,2658.1470588235293,0,0.02941209014366125,-1,10,-10
black,7,Statement,ST,0,1,1,0.11876484560570072,0.6276981830596924,22582.5,0,0.25000276766044127,-1,10,-10
black,8,Statement,ST,0,1,1,0.7784431137724551,0.5991418361663818,30108.0,0,0.33333702379238955,-1,10,-10
black,10,Statement,ST,0,1,1,1.0344827586206897,0.942033052444458,22563.5,0,0.2500027699910252,-1,10,-10
black,11,Statement,ST,0,1,1,0.12526096033402923,0.5091359615325928,18047.6,0,0.20000221638573976,-1,10,-10
black,14,Statement,ST,1,1,1,5.742574257425743,2.250056743621826,3.090909090909091,1,3.434839577838011e-05,3.434839577838011e-05,0.0,1.0294485728834917
black,15,Statement,ST,0,1,1,5.055368319691863,0.30411195755004883,783.1217391304348,0,0.008695748730045468,-1,10,-10
black,18,Statement,ST,0,0,1,0.15467904098994587,0.32663536071777344,366.92857142857144,0,0.07144247886070317,-1,10,-10
black,19,Statement,ST,0,0,1,0.20352781546811397,0.317777156829834,1493.0,0,0.333407771326485,-1,10,-10
black,23,Statement,ST,0,1,1,0.06711409395973154,0.29166126251220703,203.38888888888889,0,0.055570734669095324,-1,10,-10
cookiecutter,2,Statement,ST,0,1,1,5.555555555555555,0.7817788124084473,187.5,0,0.12508338892595064,-1,10,-10
fastapi,1,Statement,ST,0,1,1,16.129032258064516,0.4048163890838623,39.14912280701754,0,0.008773895743392546,-1,10,-10
fastapi,3,Statement,ST,1,1,1,5.172413793103448,4.4210333824157715,5.125,1,0.001157930411206507,0.001157930411206507,0.0,-0.2572970195272355
fastapi,6,Statement,ST,0,1,1,1.8518518518518516,0.4800584316253662,1100.75,0,0.2500567923671059,-1,10,-10
fastapi,16,Statement,ST,1,1,1,66.66666666666666,0.38358402252197266,6.0,1,0.002364998029168309,0.002364998029168309,0.0,-0.6951328222499555
httpie,2,Statement,ST,0,1,1,1.6194331983805668,0.9915053844451904,914.3333333333334,0,0.3334548991004133,-1,10,-10
httpie,3,Statement,ST,1,0,1,0.47393364928909953,2.016903877258301,6.333333333333333,1,0.0023344391202850473,0.0023344391202850473,0.0,-0.9152046783625734
httpie,4,Statement,ST,0,1,1,0.2785515320334262,0.7479918003082275,1284.0,0,0.5001947798987144,-1,10,-10
httpie,5,Statement,ST,0,1,1,27.173913043478258,0.6497330665588379,75.5,0,0.1252072968490879,-1,10,-10
keras,1,Statement,ST,0,0,1,2.941176470588235,1.4024882316589355,2017.2105263157894,0,0.05263295220779078,-1,10,-10
keras,10,Statement,ST,1,1,1,25.0,1.2798466682434082,5.611111111111111,1,0.0001512795856437171,0.0001512795856437171,0.0,-0.3250330033003297
keras,14,Statement,ST,1,0,1,45.45454545454545,2.484654664993286,16.0,1,0.00044639120609323994,0.00044639120609323994,75.0,-12.0
keras,17,Statement,ST,0,0,1,9.615384615384617,4.541854619979858,17708.5,0,0.5000141179128078,-1,10,-10
keras,33,Statement,ST,1,1,1,95.45454545454545,2.728904962539673,5.2,1,0.00013561090103012127,0.00013561090103012127,0.0,-0.41745856353591204
keras,35,Statement,ST,1,1,1,0.2145922746781116,2.8947038650512695,15.333333333333334,1,0.00040806188347171954,0.00040806188347171954,0,-1.5667541557305338
keras,38,Statement,ST,1,0,1,0.11771630370806356,11.044587135314941,5.5,1,0.00015050350262697023,0.00015050350262697023,0.0,-1.0017177344475394
keras,40,Statement,ST,0,0,1,1.342281879194631,4.5120391845703125,8845.25,0,0.2500070661390616,-1,10,-10
keras,41,Statement,ST,0,1,1,8.333333333333332,4.322101831436157,2164.875,0,0.06250180442879003,-1,10,-10
luigi,3,Statement,ST,1,0,1,2.4390243902439024,0.8838205337524414,8.333333333333332,1,0.00038913534127169426,0.00038913534127169426,0.0,-1.1750865282215122
luigi,5,Statement,ST,0,0,1,3.6363636363636362,0.4289567470550537,1759.2727272727273,0,0.09091378881053833,-1,10,-10
luigi,12,Statement,ST,0,1,1,22.857142857142858,1.6343746185302734,1002.7647058823529,0,0.05882698028172902,-1,10,-10
luigi,26,Statement,ST,1,1,1,16.666666666666664,0.6248812675476074,20.5,1,0.0016778523489932886,0.0016778523489932886,0,-1.8182119205298013
luigi,28,Statement,ST,0,0,1,33.33333333333333,0.40738391876220703,5933.5,0,0.500042137198719,-1,10,-10
luigi,29,Statement,ST,1,1,1,19.565217391304348,0.30760860443115234,3983.6666666666665,0,0.33442466980076113,-1,0.891089108910891,-2.173267326732673
luigi,30,Statement,ST,0,1,1,1.3050570962479608,0.3222992420196533,592.2,0,0.05000422190323398,-1,10,-10
luigi,31,Statement,ST,0,0,1,0.2890173410404624,0.5273854732513428,5914.5,0,0.5000422725735543,-1,10,-10
pandas,2,Statement,ST,1,1,1,0.6765899864682002,0.6233603954315186,6.5,1,5.0605317451049084e-05,5.0605317451049084e-05,0.0,-0.8035370611183357
pandas,12,Statement,ST,1,0,1,0.1620745542949757,2.4489145278930664,13.75,1,0.00010765316108827559,0.00010765316108827559,0,-1.361408549504375
pandas,43,Statement,ST,0,1,1,0.23134759976865238,0.4119851589202881,25258.8,0,0.2000015836190446,-1,10,-10
pandas,72,Statement,ST,1,1,1,1.6006739679865205,1.8824265003204346,12.875,1,0.00010270339260216495,0.00010270339260216495,0,-1.321731769630929
pandas,74,Statement,ST,0,1,1,0.3546099290780142,0.2429637908935547,62652.0,0,0.5000039903274462,-1,10,-10
pandas,81,Statement,ST,1,1,1,2.1505376344086025,0.49903249740600586,93.0,1,0.0007442381562099872,0.0007442381562099872,0,-7.0
pandas,137,Statement,ST,1,1,1,0.1282051282051282,3.345067024230957,8.666666666666668,1,6.921041563516529e-05,6.921041563516529e-05,0.0,-1.2031544359255202
pandas,141,Statement,ST,1,0,1,6.2645011600928076,0.8571794033050537,62429.5,0,0.5000961268874915,-1,0,-12.0
pandas,143,Statement,ST,1,1,1,0.49261083743842365,2.5879287719726562,41607.0,0,0.33345889367977305,-1,0,-12.0
pandas,146,Statement,ST,1,1,1,19.047619047619047,0.5318596363067627,28.666666666666668,1,0.00022999756630482168,0.00022999756630482168,0,-1.803575352042345
sanic,3,Statement,ST,0,1,1,5.88235294117647,0.21820521354675293,3401.5,0,0.2500183755972069,-1,10,-10
sanic,4,Statement,ST,0,1,1,0.2004008016032064,0.5681576728820801,4568.333333333333,0,0.33335765713173765,-1,10,-10
spacy,4,Statement,ST,1,0,1,46.51162790697674,0.20963692665100098,15.5,1,0.0001543640202366251,0.0001543640202366251,0,-1.7203309692671396
spacy,6,Statement,ST,0,1,1,0.8620689655172413,0.26052165031433105,24888.75,0,0.25000251119995176,-1,10,-10
thefuck,4,Statement,ST,1,0,1,37.5,0.8989002704620361,2.75,1,0.0006652152878567972,0.0006652152878567972,0.0,0.9858407079646021
thefuck,6,Statement,ST,1,0,1,4.545454545454546,0.5498056411743164,6.5,1,0.001589242053789731,0.001589242053789731,0.0,-1.2951388888888888
thefuck,14,Statement,ST,0,1,1,100.0,0.4658629894256592,424.6666666666667,0,0.16673210312786285,-1,10,-10
thefuck,15,Statement,ST,0,0,1,4.3478260869565215,0.29261040687561035,505.6,0,0.2000791452314998,-1,10,-10
thefuck,17,Statement,ST,0,0,1,1.7857142857142856,8.080394744873047,222.72727272727272,0,0.09094621181187126,-1,10,-10
thefuck,20,Statement,ST,0,0,1,58.333333333333336,0.66213059425354,446.4,0,0.20008964589870012,-1,10,-10
thefuck,26,Statement,ST,0,0,1,57.89473684210527,0.38178014755249023,608.3333333333334,0,0.33351608187134507,-1,10,-10
thefuck,28,Statement,ST,0,0,1,16.666666666666664,0.6995997428894043,180.0,0,0.1000555864369094,-1,10,-10
tornado,1,Statement,ST,0,0,1,0.11689070718877849,0.5934534072875977,4415.25,0,0.2500141562853907,-1,10,-10
tornado,5,Statement,ST,0,1,1,27.397260273972602,0.6924958229064941,6028.333333333333,0,0.33335176583351767,-1,10,-10
tqdm,5,Statement,ST,1,1,1,1.240694789081886,2.316253185272217,197.8,0,0.10238095238095239,-1,0.23058252427184467,-2.0784789644012944
tqdm,9,Statement,ST,1,1,1,4.761904761904762,0.9712021350860596,1.5,1,0.002798507462686567,0.002798507462686567,0.0,2.999180327868852
youtube-dl,1,Statement,ST,0,0,1,0.2695417789757413,9.014769315719604,36203.333333333336,0,0.3333364024466972,-1,10,-10
youtube-dl,2,Statement,ST,0,0,1,1.6842105263157894,2.4230871200561523,9571.818181818182,0,0.09090995433348385,-1,10,-10
youtube-dl,6,Statement,ST,0,1,1,33.33333333333333,1.6094958782196045,10854.5,0,0.16666922580843288,-1,10,-10
youtube-dl,7,Statement,ST,0,1,1,4.3478260869565215,1.6091067790985107,20927.666666666668,0,0.33333864271075575,-1,10,-10
youtube-dl,13,Statement,ST,0,1,1,9.090909090909092,4.4583740234375,57411.0,0,0.500004354604123,-1,10,-10
youtube-dl,17,Statement,ST,1,0,1,3.8461538461538463,2.623234510421753,2.333333333333333,1,2.2948035812049027e-05,2.2948035812049027e-05,0.0,1.3330282426778246
youtube-dl,18,Statement,ST,0,0,1,0.21052631578947367,1.7355661392211914,50522.5,0,0.5000049483393373,-1,10,-10
youtube-dl,20,Statement,ST,0,0,1,3.571428571428571,4.878852128982544,33449.333333333336,0,0.33333665513999755,-1,10,-10
youtube-dl,21,Statement,ST,0,1,1,88.88888888888889,7.63627290725708,32037.333333333332,0,0.3333368015454353,-1,10,-10
youtube-dl,24,Statement,ST,0,1,1,0.1520912547528517,6.176683664321899,22308.25,0,0.250002801685494,-1,10,-10
youtube-dl,25,Statement,ST,0,0,1,3.4482758620689653,4.928215503692627,21072.5,0,0.25000296598607175,-1,10,-10
youtube-dl,31,Statement,ST,0,1,1,58.139534883720934,2.0314178466796875,3655.909090909091,0,0.0909113515419777,-1,10,-10
