project_name,bug_number,granularity,technique,crashing,predicate,mutable_bug,percentage_of_mutants_on_ground_truth,experiment_time_seconds,e_inspect,exam_score,cumulative_distance,sv_comp_overall_score
black,1,Statement,Tarantula,0,0,0,0.0,132.3571379184723,71.5,0.0007697193484837067,46.07306043496445,-2.892879548306148
black,3,Statement,Tarantula,0,0,0,0.0,104.21208119392395,46853.5,0.5130469537032981,1.8891273247496423,-2.0340963280877444
black,4,Statement,Tarantula,0,0,0,0.0,68.4707555770874,843.0,0.009314093781765148,8.38022724821114,-2.1523677681492934
black,6,Statement,Tarantula,0,1,1,0.11206574523720583,58.77962040901184,219.0,0.002423209701690714,17.90584642233857,-2.326701570680628
black,7,Statement,Tarantula,0,1,1,0.11876484560570072,64.7829794883728,541.0,0.005989217194920789,27.92177593865077,-2.507668653430014
black,8,Statement,Tarantula,0,1,1,0.7784431137724551,46.83869695663452,285.0,0.003155342493052711,17.26734367868553,-2.3129659211927582
black,10,Statement,Tarantula,0,1,1,1.0344827586206897,62.782360315322876,1.0,1.1079964100916312e-05,0.0,8
black,11,Statement,Tarantula,0,1,1,0.12526096033402923,56.28782558441162,455.3333333333333,0.005045971534219149,20.362399252423785,-2.37022544095316
black,14,Statement,Tarantula,1,1,1,5.742574257425743,52.5775830745697,1.0,1.1112716281240624e-05,0.0,8.0
black,15,Statement,Tarantula,0,1,1,5.055368319691863,61.06019687652588,1.0,1.1103955228852518e-05,0.0,8.0
black,18,Statement,Tarantula,0,0,1,0.15467904098994587,49.46785068511963,1.5,0.0002920560747663551,0.000453857791225416,2.999848714069592
black,19,Statement,Tarantula,0,0,1,0.20352781546811397,33.047914028167725,16.0,0.003573023671281822,11.630250438125387,-2.2114590988750074
black,23,Statement,Tarantula,0,1,1,0.06711409395973154,14.277763605117798,261.5,0.071448087431694,1.0816389949391814,-2.0196661635443487
cookiecutter,1,Statement,Tarantula,1,0,0,0.0,14.507770538330078,3.0,0.0019646365422396855,0.02280701754385965,0.32982456140350846
cookiecutter,2,Statement,Tarantula,0,1,1,5.555555555555555,2.641118288040161,1.0,0.00066711140760507,0.0,8
cookiecutter,3,Statement,Tarantula,0,0,0,0.0,8.216080665588379,6.5,0.004449007529089665,0.5857438016528926,-1.1945592286501379
cookiecutter,4,Statement,Tarantula,0,1,0,0.0,9.38987398147583,29.25,0.03242793791574279,135.91343186446372,-7.0
fastapi,1,Statement,Tarantula,0,1,1,16.129032258064516,40.023441553115845,4.666666666666666,0.0010458688181682353,0.2612481857764876,-0.47895500725689377
fastapi,2,Statement,Tarantula,0,0,0,0.0,7.2961249351501465,2551.0,0.5727436012572968,162.00807265388497,-3.3779571700863325
fastapi,3,Statement,Tarantula,1,1,1,5.172413793103448,12.749234676361084,3.5,0.0007907817442385902,0.05375919044983793,0.3023163886473239
fastapi,4,Statement,Tarantula,0,0,0,0.0,1.8506519794464111,95.5,0.021640607296623614,218.56100863090202,-5.921204941614486
fastapi,5,Statement,Tarantula,0,0,0,0.0,1.5185177326202393,2380.0,0.5398049444318439,447.17391304347825,-10.130434782608695
fastapi,6,Statement,Tarantula,0,1,1,1.8518518518518516,1.0297150611877441,69.0,0.01567469332121763,287.5088889306945,-7.15444164346452
fastapi,7,Statement,Tarantula,1,0,0,0.0,2.0202980041503906,36.0,0.008381839348079161,275.0,-7
fastapi,9,Statement,Tarantula,0,1,0,0.0,1.2646007537841797,831.8333333333334,0.21919191919191922,499.4959929470087,-11.081745326309248
fastapi,10,Statement,Tarantula,0,0,0,0.0,9.676014184951782,6.0,0.0015860428231562252,0.0827123695976155,-1.0948477751756442
fastapi,11,Statement,Tarantula,1,0,0,0.0,2.027017116546631,1369.3333333333333,0.36408756536382164,352.50651705768996,-8.409209401048908
fastapi,12,Statement,Tarantula,0,0,0,0.0,3.7883567810058594,1.0,0.00028050490883590464,0.0,8.0
fastapi,14,Statement,Tarantula,0,0,0,0.0,6.0734312534332275,870.75,0.3292060491493384,346.42857142857144,-8.2987012987013
fastapi,16,Statement,Tarantula,1,1,1,66.66666666666666,0.7255284786224365,1.0,0.00039416633819471815,0.0,8
httpie,2,Statement,Tarantula,0,1,1,1.6194331983805668,10.510277509689331,214.0,0.07804522246535375,275.0,-7
httpie,3,Statement,Tarantula,1,0,1,0.47393364928909953,15.367119312286377,125.33333333333333,0.046197321538272516,275.0,-7.0
httpie,4,Statement,Tarantula,0,1,1,0.2785515320334262,2.3080801963806152,163.0,0.06349824698091157,326.9213017751478,-7.9132544378698215
httpie,5,Statement,Tarantula,0,1,1,27.173913043478258,8.386019468307495,28.0,0.04643449419568822,7.425249169435215,-2.0830564784053154
keras,1,Statement,Tarantula,0,0,1,2.941176470588235,1049.5740146636963,1.0,2.6091948024839534e-05,0.0,8
keras,3,Statement,Tarantula,1,0,0,0.0,184.52024579048157,35.5,0.0009270381783046953,497.69208878770644,-11.048947068867388
keras,5,Statement,Tarantula,0,0,0,0.0,334.0135052204132,50.5,0.0013496899722044045,160.9593835616438,-4.826534246575343
keras,6,Statement,Tarantula,0,0,0,0.0,45.33613181114197,90.0,0.0024277737314882253,550.0,-12.0
keras,7,Statement,Tarantula,0,0,0,0.0,16.23026442527771,30.0,0.0008108546407913941,38.82125603864734,-2.701449275362319
keras,10,Statement,Tarantula,1,1,1,25.0,87.1016194820404,1.5,4.044107735030061e-05,0.0024752475247524753,2.9991749174917492
keras,14,Statement,Tarantula,1,0,1,45.45454545454545,26.784066915512085,1.0,2.7899450380827496e-05,0.0,8
keras,17,Statement,Tarantula,0,0,1,9.615384615384617,29.182665824890137,4.5,0.00012706121526993448,10.3375,-1.3708333333333333
keras,18,Statement,Tarantula,1,0,0,0.0,28.64491105079651,11.0,0.0003108925442315302,0.20141830661161456,-2.0006836827711942
keras,20,Statement,Tarantula,1,1,0,0.0,1174.6866481304169,60.5,0.0017086534116583824,275.0,-7
keras,26,Statement,Tarantula,1,0,0,0.0,32.99368643760681,17.0,0.0004354173603462849,0.22892408011178392,-2.005356311131812
keras,31,Statement,Tarantula,1,0,0,0.0,28.89354920387268,9.0,0.00023336617746201317,0.2665284667209594,-1.236692085585252
keras,33,Statement,Tarantula,1,1,1,95.45454545454545,6.845127820968628,1.6666666666666665,4.346503238144912e-05,0.010359116022099447,2.9965469613259668
keras,35,Statement,Tarantula,1,1,1,0.2145922746781116,18.091214179992676,13.0,0.00034596550989993613,5.66476377952756,-2.106561679790026
keras,38,Statement,Tarantula,1,0,1,0.11771630370806356,182.33350825309753,39.5,0.0010808887915936952,550.0,-12
keras,40,Statement,Tarantula,0,0,1,1.342281879194631,147.71782660484314,29.5,0.0008338044092707744,8.236231187960293,-2.1594620557156583
keras,41,Statement,Tarantula,0,1,1,8.333333333333332,16.664397478103638,1.6666666666666665,4.8118101067259477e-05,0.0031468531468531466,2.9989510489510485
keras,43,Statement,Tarantula,0,0,0,0.0,125.69938063621521,3.6666666666666665,0.00010640047203118501,0.7608695652173911,-0.07608695652173902
pandas,2,Statement,Tarantula,1,1,1,0.6765899864682002,1341.9947276115417,24.0,0.00018685040289618125,28.154470583599313,-2.5088859991330734
pandas,12,Statement,Tarantula,1,0,1,0.1620745542949757,2552.903843164444,194.0,0.0015188882364454883,550.0,-12.0
pandas,23,Statement,Tarantula,1,0,0,0.0,49.26249623298645,197.0,0.001547513373814817,550.0,-12
pandas,43,Statement,Tarantula,0,1,1,0.23134759976865238,85.88211822509766,134.5,0.001064983807495269,550.0,-12.0
pandas,54,Statement,Tarantula,0,1,0,0.0,25445.52511405945,5803.333333333333,0.04613912762331814,382.32395432554125,-2.0017094017094017
pandas,56,Statement,Tarantula,0,0,0,0.0,1699.1994307041168,320.0,0.0025443471761721886,550.0,-12.0
pandas,68,Statement,Tarantula,1,0,0,0.0,23.321685075759888,42839.0,0.34145000079705407,399.2875302158873,-9.259773276652496
pandas,72,Statement,Tarantula,1,1,1,1.6006739679865205,15.268394708633423,1.5,1.1965443798310479e-05,0.0005651491365777079,3.9998116169544744
pandas,74,Statement,Tarantula,0,1,1,0.3546099290780142,134.1193699836731,78.5,0.0006264814090644279,550.0,-12.0
pandas,77,Statement,Tarantula,1,0,0,0.0,0.4080839157104492,14.0,0.00011173362703315296,387.24489795918373,-8.670445956160243
pandas,81,Statement,Tarantula,1,1,1,2.1505376344086025,23140.768271684647,180.5,0.001444462227912932,275.0,-7.0
pandas,84,Statement,Tarantula,1,0,0,0.0,42.223748207092285,34.333333333333336,0.000274952617388751,550.0,-12
pandas,116,Statement,Tarantula,1,0,0,0.0,2121.0391430854797,347.0,0.0027804041601897406,550.0,-12.0
pandas,137,Statement,Tarantula,1,1,1,0.1282051282051282,3366.506372451782,637.0,0.005086965549184648,550.0,-12.0
pandas,141,Statement,Tarantula,1,0,1,6.2645011600928076,46.401092290878296,108.5,0.0008691472744022109,550.0,-12.0
pandas,143,Statement,Tarantula,1,1,1,0.49261083743842365,2166.20321059227,130.0,0.0010418837257762034,550.0,-12.0
pandas,146,Statement,Tarantula,1,1,1,19.047619047619047,48.27202129364014,2.5,2.0057927294025143e-05,0.024193548387096774,0.49193548387096797
pandas,168,Statement,Tarantula,1,1,0,0.0,6296.336213111877,2.0,1.5909633282952828e-05,0.004418262150220913,7
sanic,1,Statement,Tarantula,0,0,0,0.0,293.60652709007263,2.5,0.0001881821603312006,0.003129346314325452,0.49895688456189147
sanic,3,Statement,Tarantula,0,1,1,5.88235294117647,284.4683532714844,97.0,0.007129731716280779,275.0,-7.0
sanic,4,Statement,Tarantula,0,1,1,0.2004008016032064,47.88449215888977,47.0,0.0034296555750145943,275.0,-7.0
spacy,1,Statement,Tarantula,0,0,0,0,3.3847854137420654,1.0,9.429958979678439e-06,0.0,8.0
spacy,2,Statement,Tarantula,0,0,0,0.0,275.0050346851349,5.0,4.7216582463761274e-05,30.008780487804877,-1.0009756097560976
spacy,3,Statement,Tarantula,0,0,0,0.0,6.040996313095093,3.0,2.8053113895642416e-05,0.018354055654233273,0.330373001776199
spacy,4,Statement,Tarantula,1,0,1,46.51162790697674,4.43233323097229,10.0,9.9589690475242e-05,2.971085651936716,-2.049645390070922
spacy,5,Statement,Tarantula,1,0,0,0.0,38.57931137084961,1.0,1.002194806626512e-05,0.0,8
spacy,6,Statement,Tarantula,0,1,1,0.8620689655172413,34.51030898094177,17.666666666666668,0.00017745812992613725,275.0,-7.0
thefuck,2,Statement,Tarantula,0,0,0,0.0,3.6633265018463135,8.5,0.00195717246143219,16.31454005934718,-3.1824925816023737
thefuck,3,Statement,Tarantula,0,0,0,0,4.067361831665039,1.6666666666666665,0.0003878675044604763,0.01171875,2.99609375
thefuck,4,Statement,Tarantula,1,0,1,37.5,27.40939736366272,4.0,0.0009675858732462506,14.112094395280232,-1.4112094395280237
thefuck,6,Statement,Tarantula,1,0,1,4.545454545454546,1.3505890369415283,2.0,0.0004889975550122249,10.041666666666666,-2.013888888888889
thefuck,7,Statement,Tarantula,0,0,0,0.0,0.6760425567626953,6.0,0.0015186028853454822,150.0,3
thefuck,8,Statement,Tarantula,0,0,0,0.0,0.7262434959411621,5.0,0.0013126804935678655,54.21428571428571,-4.185714285714285
thefuck,13,Statement,Tarantula,0,0,0,0.0,1.4209578037261963,3.0,0.0011385199240986717,21.960474308300395,-2.932806324110672
thefuck,14,Statement,Tarantula,0,1,1,100.0,7.336745738983154,1.0,0.00039261876717707107,0.0,8
thefuck,15,Statement,Tarantula,0,0,1,4.3478260869565215,3.262887954711914,2.0,0.0007914523149980214,20.0,-5.333333333333334
thefuck,17,Statement,Tarantula,0,0,1,1.7857142857142856,16.943659782409668,2.0,0.0008166598611678236,5.554730983302412,0.693877551020408
thefuck,19,Statement,Tarantula,0,0,0,0.0,3.976938009262085,5.0,0.0022281639928698753,133.33333333333331,-9.777777777777779
thefuck,20,Statement,Tarantula,0,0,1,58.333333333333336,0.8783576488494873,3.0,0.001344688480502017,30.0,6
thefuck,25,Statement,Tarantula,0,0,0,0.0,8.246513366699219,1.0,0.00055005500550055,0.0,8
thefuck,26,Statement,Tarantula,0,0,1,57.89473684210527,2.047957181930542,2.0,0.0010964912280701754,0.13846153846153847,1.953846153846154
thefuck,28,Statement,Tarantula,0,0,1,16.666666666666664,9.628909349441528,1.2,0.0006670372429127293,0.0029850746268656717,5.997014925373134
thefuck,29,Statement,Tarantula,0,0,0,0.0,2.5247983932495117,2.3333333333333335,0.001298460396957893,0.16091954022988506,3.655172413793103
tornado,1,Statement,Tarantula,0,0,1,0.11689070718877849,78.14776730537415,1.0,5.662514156285391e-05,0.0,8
tornado,5,Statement,Tarantula,0,1,1,27.397260273972602,2001.7016625404358,3.3333333333333335,0.00018432500184325002,0.12264922322158626,0.20178068501862434
tornado,6,Statement,Tarantula,0,0,0,0.0,1777.4389777183533,6841.5,0.3787576814482644,4.446977124183006,-2.085375816993464
tornado,8,Statement,Tarantula,0,0,0,0.0,45.8743679523468,8.5,0.00048671552908841043,0.11420500403551251,-2.0121065375302662
tqdm,4,Statement,Tarantula,1,0,0,0.0,36.23267221450806,1.0,0.0004938271604938272,0.0,8
tqdm,5,Statement,Tarantula,1,1,1,1.240694789081886,80.39165186882019,89.33333333333333,0.04623878536922015,14.117718446601941,-2.078883495145631
tqdm,6,Statement,Tarantula,1,0,0,0.0,42.12509560585022,1.0,0.0005307855626326964,0.0,8
tqdm,7,Statement,Tarantula,1,0,0,0.0,0.7109723091125488,933.0,0.5112328767123288,17.71480582524272,-2.3220873786407767
tqdm,8,Statement,Tarantula,0,0,0,0.0,17.729987859725952,2.5,0.002206531332744925,0.09104567307692309,0.4696514423076925
tqdm,9,Statement,Tarantula,1,1,1,4.761904761904762,6.175822496414185,3.25,0.006063432835820896,0.03709016393442624,0.743237704918033
youtube-dl,1,Statement,Tarantula,0,0,1,0.2695417789757413,75.37886786460876,4.333333333333334,3.989847372992417e-05,0.021438984649686993,-0.33547723179830213
youtube-dl,2,Statement,Tarantula,0,0,1,1.6842105263157894,69.2180483341217,40.8,0.00038750486755501524,550.0,-12
youtube-dl,6,Statement,Tarantula,0,1,1,33.33333333333333,35.18240404129028,1.5,2.3032275895955532e-05,0.0005900865460267506,2.999803304484658
youtube-dl,7,Statement,Tarantula,0,1,1,4.3478260869565215,91.02659153938293,5.333333333333333,8.495003875845518e-05,0.03274760383386581,-0.6688498402555907
youtube-dl,13,Statement,Tarantula,0,1,1,9.090909090909092,61.20927572250366,8.5,7.402827008996612e-05,0.02850877192982456,-2.000814536340852
youtube-dl,15,Statement,Tarantula,0,0,0,0.0,53.85087466239929,54201.0,0.5111903347197465,0.2622141372141372,-2.003378378378378
youtube-dl,17,Statement,Tarantula,1,0,1,3.8461538461538463,82.45962834358215,2.0,1.9669744981756312e-05,0.0009414225941422594,1.9996861924686193
youtube-dl,18,Statement,Tarantula,0,0,1,0.21052631578947367,96.41504907608032,10.0,9.896678674636792e-05,0.2853614880938895,-1.478872601218932
youtube-dl,20,Statement,Tarantula,0,0,1,3.571428571428571,67.46742272377014,34884.66666666667,0.3476403546360795,0.09610355648535564,-2.0048378661087867
youtube-dl,21,Statement,Tarantula,0,1,1,88.88888888888889,57.83148527145386,2.0,2.0809272611875853e-05,0.0008234971177600878,1.9997255009607464
youtube-dl,24,Statement,Tarantula,0,1,1,0.1520912547528517,115.31560850143433,56.25,0.0006303792361484669,125.30517879161529,-4.278275978029368
youtube-dl,25,Statement,Tarantula,0,0,1,3.4482758620689653,38.36088013648987,7.666666666666667,9.095690619970183e-05,0.07902593221331147,-1.0931042556927941
youtube-dl,31,Statement,Tarantula,0,1,1,58.139534883720934,7.539561986923218,3.2,7.957427761476103e-05,0.006600660066006601,0.6655665566556661
youtube-dl,34,Statement,Tarantula,0,1,0,0.0,3.6900370121002197,9314.25,0.25537383818166864,0.3871966959215281,-2.0070399399258463
youtube-dl,41,Statement,Tarantula,0,0,0,0.0,6.069176435470581,8.666666666666668,0.00042268175315385623,0.4227495908346972,-1.2093944353518822
youtube-dl,43,Statement,Tarantula,0,0,0,0.0,10.410496473312378,2.5,0.00014643861293345828,0.004117108874656907,0.49862763037511426
black,1,Statement,Ochiai,0,0,0,0.0,132.3571379184723,71.5,0.0007697193484837067,46.07306043496445,-2.892879548306148
black,3,Statement,Ochiai,0,0,0,0.0,104.21208119392395,46853.5,0.5130469537032981,1.8891273247496423,-2.0340963280877444
black,4,Statement,Ochiai,0,0,0,0.0,68.4707555770874,843.0,0.009314093781765148,8.38022724821114,-2.1523677681492934
black,6,Statement,Ochiai,0,1,1,0.11206574523720583,58.77962040901184,219.0,0.002423209701690714,17.90584642233857,-2.326701570680628
black,7,Statement,Ochiai,0,1,1,0.11876484560570072,64.7829794883728,541.0,0.005989217194920789,27.92177593865077,-2.507668653430014
black,8,Statement,Ochiai,0,1,1,0.7784431137724551,46.83869695663452,285.0,0.003155342493052711,17.26734367868553,-2.3129659211927582
black,10,Statement,Ochiai,0,1,1,1.0344827586206897,62.782360315322876,1.0,1.1079964100916312e-05,0.0,8
black,11,Statement,Ochiai,0,1,1,0.12526096033402923,56.28782558441162,455.3333333333333,0.005045971534219149,20.362399252423785,-2.37022544095316
black,14,Statement,Ochiai,1,1,1,5.742574257425743,52.5775830745697,1.0,1.1112716281240624e-05,0.0,8.0
black,15,Statement,Ochiai,0,1,1,5.055368319691863,61.06019687652588,1.0,1.1103955228852518e-05,0.0,8.0
black,18,Statement,Ochiai,0,0,1,0.15467904098994587,49.46785068511963,1.5,0.0002920560747663551,0.000453857791225416,2.999848714069592
black,19,Statement,Ochiai,0,0,1,0.20352781546811397,33.047914028167725,16.0,0.003573023671281822,11.630250438125387,-2.2114590988750074
black,23,Statement,Ochiai,0,1,1,0.06711409395973154,14.277763605117798,261.5,0.071448087431694,1.0816389949391814,-2.0196661635443487
cookiecutter,1,Statement,Ochiai,1,0,0,0.0,14.507770538330078,3.0,0.0019646365422396855,0.02280701754385965,0.32982456140350846
cookiecutter,2,Statement,Ochiai,0,1,1,5.555555555555555,2.641118288040161,1.0,0.00066711140760507,0.0,8
cookiecutter,3,Statement,Ochiai,0,0,0,0.0,8.216080665588379,6.5,0.004449007529089665,0.5857438016528926,-1.1945592286501379
cookiecutter,4,Statement,Ochiai,0,1,0,0.0,9.38987398147583,29.25,0.03242793791574279,135.91343186446372,-7.0
fastapi,1,Statement,Ochiai,0,1,1,16.129032258064516,40.023441553115845,4.666666666666666,0.0010458688181682353,0.2612481857764876,-0.47895500725689377
fastapi,2,Statement,Ochiai,0,0,0,0.0,7.2961249351501465,2551.0,0.5727436012572968,162.00807265388497,-3.3779571700863325
fastapi,3,Statement,Ochiai,1,1,1,5.172413793103448,12.749234676361084,4.5,0.001016719385449616,0.052672147995889,-0.7552672147995889
fastapi,4,Statement,Ochiai,0,0,0,0.0,1.8506519794464111,95.5,0.021640607296623614,218.56100863090202,-5.921204941614486
fastapi,5,Statement,Ochiai,0,0,0,0.0,1.5185177326202393,2380.0,0.5398049444318439,447.17391304347825,-10.130434782608695
fastapi,6,Statement,Ochiai,0,1,1,1.8518518518518516,1.0297150611877441,69.0,0.01567469332121763,287.5088889306945,-7.15444164346452
fastapi,7,Statement,Ochiai,1,0,0,0.0,2.0202980041503906,36.0,0.008381839348079161,275.0,-7
fastapi,9,Statement,Ochiai,0,1,0,0.0,1.2646007537841797,831.8333333333334,0.21919191919191922,499.4959929470087,-11.081745326309248
fastapi,10,Statement,Ochiai,0,0,0,0.0,9.676014184951782,6.0,0.0015860428231562252,0.0827123695976155,-1.0948477751756442
fastapi,11,Statement,Ochiai,1,0,0,0.0,2.027017116546631,1369.3333333333333,0.36408756536382164,128.475935828877,-4.335926105979582
fastapi,12,Statement,Ochiai,0,0,0,0.0,3.7883567810058594,1.0,0.00028050490883590464,0.0,8.0
fastapi,14,Statement,Ochiai,0,0,0,0.0,6.0734312534332275,870.75,0.3292060491493384,346.42857142857144,-8.2987012987013
fastapi,16,Statement,Ochiai,1,1,1,66.66666666666666,0.7255284786224365,1.0,0.00039416633819471815,0.0,8
httpie,2,Statement,Ochiai,0,1,1,1.6194331983805668,10.510277509689331,214.0,0.07804522246535375,275.0,-7
httpie,3,Statement,Ochiai,1,0,1,0.47393364928909953,15.367119312286377,125.33333333333333,0.046197321538272516,275.0,-7.0
httpie,4,Statement,Ochiai,0,1,1,0.2785515320334262,2.3080801963806152,163.0,0.06349824698091157,326.9213017751478,-7.9132544378698215
httpie,5,Statement,Ochiai,0,1,1,27.173913043478258,8.386019468307495,28.0,0.04643449419568822,7.425249169435215,-2.0830564784053154
keras,1,Statement,Ochiai,0,0,1,2.941176470588235,1049.5740146636963,1.0,2.6091948024839534e-05,0.0,8
keras,3,Statement,Ochiai,1,0,0,0.0,184.52024579048157,35.5,0.0009270381783046953,497.69208878770644,-11.048947068867388
keras,5,Statement,Ochiai,0,0,0,0.0,334.0135052204132,50.5,0.0013496899722044045,160.9593835616438,-4.826534246575343
keras,6,Statement,Ochiai,0,0,0,0.0,45.33613181114197,90.0,0.0024277737314882253,550.0,-12.0
keras,7,Statement,Ochiai,0,0,0,0.0,16.23026442527771,30.0,0.0008108546407913941,38.82125603864734,-2.701449275362319
keras,10,Statement,Ochiai,1,1,1,25.0,87.1016194820404,1.5,4.044107735030061e-05,0.0024752475247524753,2.9991749174917492
keras,14,Statement,Ochiai,1,0,1,45.45454545454545,26.784066915512085,1.0,2.7899450380827496e-05,0.0,8
keras,17,Statement,Ochiai,0,0,1,9.615384615384617,29.182665824890137,4.5,0.00012706121526993448,10.3375,-1.3708333333333333
keras,18,Statement,Ochiai,1,0,0,0.0,28.64491105079651,11.0,0.0003108925442315302,0.20141830661161456,-2.0006836827711942
keras,20,Statement,Ochiai,1,1,0,0.0,1174.6866481304169,60.5,0.0017086534116583824,275.0,-7
keras,26,Statement,Ochiai,1,0,0,0.0,32.99368643760681,17.0,0.0004354173603462849,0.22892408011178392,-2.005356311131812
keras,31,Statement,Ochiai,1,0,0,0.0,28.89354920387268,9.0,0.00023336617746201317,0.2665284667209594,-1.236692085585252
keras,33,Statement,Ochiai,1,1,1,95.45454545454545,6.845127820968628,1.6666666666666665,4.346503238144912e-05,0.010359116022099447,2.9965469613259668
keras,35,Statement,Ochiai,1,1,1,0.2145922746781116,18.091214179992676,13.0,0.00034596550989993613,5.66476377952756,-2.106561679790026
keras,38,Statement,Ochiai,1,0,1,0.11771630370806356,182.33350825309753,39.5,0.0010808887915936952,550.0,-12
keras,40,Statement,Ochiai,0,0,1,1.342281879194631,147.71782660484314,29.5,0.0008338044092707744,8.236231187960293,-2.1594620557156583
keras,41,Statement,Ochiai,0,1,1,8.333333333333332,16.664397478103638,1.6666666666666665,4.8118101067259477e-05,0.0031468531468531466,2.9989510489510485
keras,43,Statement,Ochiai,0,0,0,0.0,125.69938063621521,3.6666666666666665,0.00010640047203118501,0.7608695652173911,-0.07608695652173902
pandas,2,Statement,Ochiai,1,1,1,0.6765899864682002,1341.9947276115417,24.0,0.00018685040289618125,28.154470583599313,-2.5088859991330734
pandas,12,Statement,Ochiai,1,0,1,0.1620745542949757,2552.903843164444,190.0,0.0014875709532198081,550.0,-12.0
pandas,23,Statement,Ochiai,1,0,0,0.0,49.26249623298645,8.0,6.284318269298748e-05,40.22429906542056,1
pandas,43,Statement,Ochiai,0,1,1,0.23134759976865238,85.88211822509766,134.5,0.001064983807495269,550.0,-12.0
pandas,54,Statement,Ochiai,0,1,0,0.0,25445.52511405945,5803.333333333333,0.04613912762331814,382.32395432554125,-2.0017094017094017
pandas,56,Statement,Ochiai,0,0,0,0.0,1699.1994307041168,320.0,0.0025443471761721886,550.0,-12.0
pandas,68,Statement,Ochiai,1,0,0,0.0,23.321685075759888,42839.0,0.34145000079705407,399.2875302158873,-9.259773276652496
pandas,72,Statement,Ochiai,1,1,1,1.6006739679865205,15.268394708633423,1.5,1.1965443798310479e-05,0.0005651491365777079,3.9998116169544744
pandas,74,Statement,Ochiai,0,1,1,0.3546099290780142,134.1193699836731,78.5,0.0006264814090644279,550.0,-12.0
pandas,77,Statement,Ochiai,1,0,0,0.0,0.4080839157104492,14.0,0.00011173362703315296,387.24489795918373,-8.670445956160243
pandas,81,Statement,Ochiai,1,1,1,2.1505376344086025,23140.768271684647,180.5,0.001444462227912932,275.0,-7.0
pandas,84,Statement,Ochiai,1,0,0,0.0,42.223748207092285,34.333333333333336,0.000274952617388751,550.0,-12
pandas,116,Statement,Ochiai,1,0,0,0.0,2121.0391430854797,347.0,0.0027804041601897406,550.0,-12.0
pandas,137,Statement,Ochiai,1,1,1,0.1282051282051282,3366.506372451782,641.0,0.00511890881793934,356.45381526104416,-2.782767433369843
pandas,141,Statement,Ochiai,1,0,1,6.2645011600928076,46.401092290878296,108.5,0.0008691472744022109,550.0,-12.0
pandas,143,Statement,Ochiai,1,1,1,0.49261083743842365,2166.20321059227,130.0,0.0010418837257762034,550.0,-12.0
pandas,146,Statement,Ochiai,1,1,1,19.047619047619047,48.27202129364014,2.5,2.0057927294025143e-05,0.024193548387096774,0.49193548387096797
pandas,168,Statement,Ochiai,1,1,0,0.0,6296.336213111877,2.0,1.5909633282952828e-05,0.004418262150220913,7
sanic,1,Statement,Ochiai,0,0,0,0.0,293.60652709007263,2.5,0.0001881821603312006,0.003129346314325452,0.49895688456189147
sanic,3,Statement,Ochiai,0,1,1,5.88235294117647,284.4683532714844,97.0,0.007129731716280779,275.0,-7.0
sanic,4,Statement,Ochiai,0,1,1,0.2004008016032064,47.88449215888977,47.0,0.0034296555750145943,275.0,-7.0
spacy,1,Statement,Ochiai,0,0,0,0,3.3847854137420654,1.0,9.429958979678439e-06,0.0,8.0
spacy,2,Statement,Ochiai,0,0,0,0.0,275.0050346851349,5.0,4.7216582463761274e-05,30.008780487804877,-1.0009756097560976
spacy,3,Statement,Ochiai,0,0,0,0.0,6.040996313095093,3.0,2.8053113895642416e-05,0.018354055654233273,0.330373001776199
spacy,4,Statement,Ochiai,1,0,1,46.51162790697674,4.43233323097229,10.0,9.9589690475242e-05,2.971085651936716,-2.049645390070922
spacy,5,Statement,Ochiai,1,0,0,0.0,38.57931137084961,1.0,1.002194806626512e-05,0.0,8
spacy,6,Statement,Ochiai,0,1,1,0.8620689655172413,34.51030898094177,17.666666666666668,0.00017745812992613725,275.0,-7.0
thefuck,2,Statement,Ochiai,0,0,0,0.0,3.6633265018463135,8.5,0.00195717246143219,16.31454005934718,-3.1824925816023737
thefuck,3,Statement,Ochiai,0,0,0,0,4.067361831665039,1.6666666666666665,0.0003878675044604763,0.01171875,2.99609375
thefuck,4,Statement,Ochiai,1,0,1,37.5,27.40939736366272,4.0,0.0009675858732462506,14.112094395280232,-1.4112094395280237
thefuck,6,Statement,Ochiai,1,0,1,4.545454545454546,1.3505890369415283,2.0,0.0004889975550122249,10.041666666666666,-2.013888888888889
thefuck,7,Statement,Ochiai,0,0,0,0.0,0.6760425567626953,6.0,0.0015186028853454822,150.0,3
thefuck,8,Statement,Ochiai,0,0,0,0.0,0.7262434959411621,2.666666666666667,0.0007000962632361951,0.1928571428571429,0.8249999999999997
thefuck,13,Statement,Ochiai,0,0,0,0.0,1.4209578037261963,4.5,0.0017077798861480076,45.75845410628019,-2.9178743961352653
thefuck,14,Statement,Ochiai,0,1,1,100.0,7.336745738983154,1.0,0.00039261876717707107,0.0,8
thefuck,15,Statement,Ochiai,0,0,1,4.3478260869565215,3.262887954711914,2.0,0.0007914523149980214,20.0,-5.333333333333334
thefuck,17,Statement,Ochiai,0,0,1,1.7857142857142856,16.943659782409668,2.0,0.0008166598611678236,5.554730983302412,0.693877551020408
thefuck,19,Statement,Ochiai,0,0,0,0.0,3.976938009262085,8.0,0.0035650623885918,310.0,-11.333333333333334
thefuck,20,Statement,Ochiai,0,0,1,58.333333333333336,0.8783576488494873,3.0,0.001344688480502017,30.0,6
thefuck,25,Statement,Ochiai,0,0,0,0.0,8.246513366699219,1.0,0.00055005500550055,0.0,8
thefuck,26,Statement,Ochiai,0,0,1,57.89473684210527,2.047957181930542,1.6666666666666665,0.0009137426900584795,0.11538461538461539,2.9615384615384617
thefuck,28,Statement,Ochiai,0,0,1,16.666666666666664,9.628909349441528,1.2,0.0006670372429127293,0.0029850746268656717,5.997014925373134
thefuck,29,Statement,Ochiai,0,0,0,0.0,2.5247983932495117,1.3333333333333333,0.0007419773696902244,0.011494252873563218,4.655172413793103
tornado,1,Statement,Ochiai,0,0,1,0.11689070718877849,78.14776730537415,1.0,5.662514156285391e-05,0.0,8
tornado,5,Statement,Ochiai,0,1,1,27.397260273972602,2001.7016625404358,3.3333333333333335,0.00018432500184325002,0.12264922322158626,0.20178068501862434
tornado,6,Statement,Ochiai,0,0,0,0.0,1777.4389777183533,6841.5,0.3787576814482644,4.446977124183006,-2.085375816993464
tornado,8,Statement,Ochiai,0,0,0,0.0,45.8743679523468,8.5,0.00048671552908841043,0.11420500403551251,-2.0121065375302662
tqdm,4,Statement,Ochiai,1,0,0,0.0,36.23267221450806,1.0,0.0004938271604938272,0.0,8
tqdm,5,Statement,Ochiai,1,1,1,1.240694789081886,80.39165186882019,89.33333333333333,0.04623878536922015,14.117718446601941,-2.078883495145631
tqdm,6,Statement,Ochiai,1,0,0,0.0,42.12509560585022,1.0,0.0005307855626326964,0.0,8
tqdm,7,Statement,Ochiai,1,0,0,0.0,0.7109723091125488,933.0,0.5112328767123288,17.71480582524272,-2.3220873786407767
tqdm,8,Statement,Ochiai,0,0,0,0.0,17.729987859725952,2.5,0.002206531332744925,0.09104567307692309,0.4696514423076925
tqdm,9,Statement,Ochiai,1,1,1,4.761904761904762,6.175822496414185,3.25,0.006063432835820896,0.03709016393442624,0.743237704918033
youtube-dl,1,Statement,Ochiai,0,0,1,0.2695417789757413,75.37886786460876,4.333333333333334,3.989847372992417e-05,0.021438984649686993,-0.33547723179830213
youtube-dl,2,Statement,Ochiai,0,0,1,1.6842105263157894,69.2180483341217,40.8,0.00038750486755501524,550.0,-12
youtube-dl,6,Statement,Ochiai,0,1,1,33.33333333333333,35.18240404129028,1.5,2.3032275895955532e-05,0.0005900865460267506,2.999803304484658
youtube-dl,7,Statement,Ochiai,0,1,1,4.3478260869565215,91.02659153938293,5.333333333333333,8.495003875845518e-05,0.03274760383386581,-0.6688498402555907
youtube-dl,13,Statement,Ochiai,0,1,1,9.090909090909092,61.20927572250366,8.5,7.402827008996612e-05,0.02850877192982456,-2.000814536340852
youtube-dl,15,Statement,Ochiai,0,0,0,0.0,53.85087466239929,54201.0,0.5111903347197465,0.2539306133056134,-2.005717255717256
youtube-dl,17,Statement,Ochiai,1,0,1,3.8461538461538463,82.45962834358215,2.0,1.9669744981756312e-05,0.0009414225941422594,1.9996861924686193
youtube-dl,18,Statement,Ochiai,0,0,1,0.21052631578947367,96.41504907608032,10.0,9.896678674636792e-05,0.2853614880938895,-1.478872601218932
youtube-dl,20,Statement,Ochiai,0,0,1,3.571428571428571,67.46742272377014,34884.66666666667,0.3476403546360795,0.09610355648535564,-2.0048378661087867
youtube-dl,21,Statement,Ochiai,0,1,1,88.88888888888889,57.83148527145386,2.0,2.0809272611875853e-05,0.0008234971177600878,1.9997255009607464
youtube-dl,24,Statement,Ochiai,0,1,1,0.1520912547528517,115.31560850143433,56.25,0.0006303792361484669,125.30517879161529,-4.278275978029368
youtube-dl,25,Statement,Ochiai,0,0,1,3.4482758620689653,38.36088013648987,7.666666666666667,9.095690619970183e-05,0.07902593221331147,-1.0931042556927941
youtube-dl,31,Statement,Ochiai,0,1,1,58.139534883720934,7.539561986923218,3.2,7.957427761476103e-05,0.006600660066006601,0.6655665566556661
youtube-dl,34,Statement,Ochiai,0,1,0,0.0,3.6900370121002197,9314.25,0.25537383818166864,0.3871966959215281,-2.0070399399258463
youtube-dl,41,Statement,Ochiai,0,0,0,0.0,6.069176435470581,8.666666666666668,0.00042268175315385623,0.4227495908346972,-1.2093944353518822
youtube-dl,43,Statement,Ochiai,0,0,0,0.0,10.410496473312378,2.5,0.00014643861293345828,0.004117108874656907,0.49862763037511426
black,1,Statement,DStar,0,0,0,0.0,132.3571379184723,71.5,0.0007697193484837067,46.07306043496445,-2.892879548306148
black,3,Statement,DStar,0,0,0,0.0,104.21208119392395,46853.5,0.5130469537032981,1.8891273247496423,-2.0340963280877444
black,4,Statement,DStar,0,0,0,0.0,68.4707555770874,843.0,0.009314093781765148,8.38022724821114,-2.1523677681492934
black,6,Statement,DStar,0,1,1,0.11206574523720583,58.77962040901184,219.0,0.002423209701690714,17.90584642233857,-2.326701570680628
black,7,Statement,DStar,0,1,1,0.11876484560570072,64.7829794883728,541.0,0.005989217194920789,27.92177593865077,-2.507668653430014
black,8,Statement,DStar,0,1,1,0.7784431137724551,46.83869695663452,285.0,0.003155342493052711,17.26734367868553,-2.3129659211927582
black,10,Statement,DStar,0,1,1,1.0344827586206897,62.782360315322876,1.0,1.1079964100916312e-05,0.0,8
black,11,Statement,DStar,0,1,1,0.12526096033402923,56.28782558441162,455.3333333333333,0.005045971534219149,20.362399252423785,-2.37022544095316
black,14,Statement,DStar,1,1,1,5.742574257425743,52.5775830745697,1.0,1.1112716281240624e-05,0.0,8.0
black,15,Statement,DStar,0,1,1,5.055368319691863,61.06019687652588,1.0,1.1103955228852518e-05,0.0,8.0
black,18,Statement,DStar,0,0,1,0.15467904098994587,49.46785068511963,1.5,0.0002920560747663551,0.000453857791225416,2.999848714069592
black,19,Statement,DStar,0,0,1,0.20352781546811397,33.047914028167725,16.0,0.003573023671281822,11.630250438125387,-2.2114590988750074
black,23,Statement,DStar,0,1,1,0.06711409395973154,14.277763605117798,261.5,0.071448087431694,1.0816389949391814,-2.0196661635443487
cookiecutter,1,Statement,DStar,1,0,0,0.0,14.507770538330078,3.0,0.0019646365422396855,0.02280701754385965,0.32982456140350846
cookiecutter,2,Statement,DStar,0,1,1,5.555555555555555,2.641118288040161,1.0,0.00066711140760507,0.0,8
cookiecutter,3,Statement,DStar,0,0,0,0.0,8.216080665588379,6.5,0.004449007529089665,0.5857438016528926,-1.1945592286501379
cookiecutter,4,Statement,DStar,0,1,0,0.0,9.38987398147583,29.25,0.03242793791574279,135.91343186446372,-7.0
fastapi,1,Statement,DStar,0,1,1,16.129032258064516,40.023441553115845,4.666666666666666,0.0010458688181682353,0.2612481857764876,-0.47895500725689377
fastapi,2,Statement,DStar,0,0,0,0.0,7.2961249351501465,2551.0,0.5727436012572968,162.00807265388497,-3.3779571700863325
fastapi,3,Statement,DStar,1,1,1,5.172413793103448,12.749234676361084,4.5,0.001016719385449616,0.052672147995889,-0.7552672147995889
fastapi,4,Statement,DStar,0,0,0,0.0,1.8506519794464111,95.5,0.021640607296623614,218.56100863090202,-5.921204941614486
fastapi,5,Statement,DStar,0,0,0,0.0,1.5185177326202393,2380.0,0.5398049444318439,447.17391304347825,-10.130434782608695
fastapi,6,Statement,DStar,0,1,1,1.8518518518518516,1.0297150611877441,69.0,0.01567469332121763,287.5088889306945,-7.15444164346452
fastapi,7,Statement,DStar,1,0,0,0.0,2.0202980041503906,36.0,0.008381839348079161,275.0,-7
fastapi,9,Statement,DStar,0,1,0,0.0,1.2646007537841797,831.8333333333334,0.21919191919191922,499.4959929470087,-11.081745326309248
fastapi,10,Statement,DStar,0,0,0,0.0,9.676014184951782,6.0,0.0015860428231562252,0.0827123695976155,-1.0948477751756442
fastapi,11,Statement,DStar,1,0,0,0.0,2.027017116546631,1369.3333333333333,0.36408756536382164,128.475935828877,-4.335926105979582
fastapi,12,Statement,DStar,0,0,0,0.0,3.7883567810058594,1.0,0.00028050490883590464,0.0,8.0
fastapi,14,Statement,DStar,0,0,0,0.0,6.0734312534332275,870.75,0.3292060491493384,346.42857142857144,-8.2987012987013
fastapi,16,Statement,DStar,1,1,1,66.66666666666666,0.7255284786224365,1.0,0.00039416633819471815,0.0,8
httpie,2,Statement,DStar,0,1,1,1.6194331983805668,10.510277509689331,214.0,0.07804522246535375,275.0,-7
httpie,3,Statement,DStar,1,0,1,0.47393364928909953,15.367119312286377,125.33333333333333,0.046197321538272516,275.0,-7.0
httpie,4,Statement,DStar,0,1,1,0.2785515320334262,2.3080801963806152,163.0,0.06349824698091157,326.9213017751478,-7.9132544378698215
httpie,5,Statement,DStar,0,1,1,27.173913043478258,8.386019468307495,28.0,0.04643449419568822,7.425249169435215,-2.0830564784053154
keras,1,Statement,DStar,0,0,1,2.941176470588235,1049.5740146636963,11.0,0.0002870114282732349,16.360004451368795,-2.015691075005564
keras,3,Statement,DStar,1,0,0,0.0,184.52024579048157,35.5,0.0009270381783046953,497.69208878770644,-11.048947068867388
keras,5,Statement,DStar,0,0,0,0.0,334.0135052204132,50.5,0.0013496899722044045,160.9593835616438,-4.826534246575343
keras,6,Statement,DStar,0,0,0,0.0,45.33613181114197,90.0,0.0024277737314882253,550.0,-12.0
keras,7,Statement,DStar,0,0,0,0.0,16.23026442527771,30.0,0.0008108546407913941,38.82125603864734,-2.701449275362319
keras,10,Statement,DStar,1,1,1,25.0,87.1016194820404,1.5,4.044107735030061e-05,0.0024752475247524753,2.9991749174917492
keras,14,Statement,DStar,1,0,1,45.45454545454545,26.784066915512085,1.0,2.7899450380827496e-05,0.0,8
keras,17,Statement,DStar,0,0,1,9.615384615384617,29.182665824890137,4.5,0.00012706121526993448,10.3375,-1.3708333333333333
keras,18,Statement,DStar,1,0,0,0.0,28.64491105079651,11.0,0.0003108925442315302,0.20141830661161456,-2.0006836827711942
keras,20,Statement,DStar,1,1,0,0.0,1174.6866481304169,60.5,0.0017086534116583824,275.0,-7
keras,26,Statement,DStar,1,0,0,0.0,32.99368643760681,17.0,0.0004354173603462849,0.22892408011178392,-2.005356311131812
keras,31,Statement,DStar,1,0,0,0.0,28.89354920387268,9.0,0.00023336617746201317,0.2665284667209594,-1.236692085585252
keras,33,Statement,DStar,1,1,1,95.45454545454545,6.845127820968628,1.6666666666666665,4.346503238144912e-05,0.010359116022099447,2.9965469613259668
keras,35,Statement,DStar,1,1,1,0.2145922746781116,18.091214179992676,13.0,0.00034596550989993613,5.66476377952756,-2.106561679790026
keras,38,Statement,DStar,1,0,1,0.11771630370806356,182.33350825309753,39.5,0.0010808887915936952,550.0,-12
keras,40,Statement,DStar,0,0,1,1.342281879194631,147.71782660484314,29.5,0.0008338044092707744,8.236231187960293,-2.1594620557156583
keras,41,Statement,DStar,0,1,1,8.333333333333332,16.664397478103638,1.6666666666666665,4.8118101067259477e-05,0.0031468531468531466,2.9989510489510485
keras,43,Statement,DStar,0,0,0,0.0,125.69938063621521,3.6666666666666665,0.00010640047203118501,0.7608695652173911,-0.07608695652173902
pandas,2,Statement,DStar,1,1,1,0.6765899864682002,1341.9947276115417,36.0,0.00028027560434427186,275.0,-7
pandas,12,Statement,DStar,1,0,1,0.1620745542949757,2552.903843164444,190.0,0.0014875709532198081,550.0,-12.0
pandas,23,Statement,DStar,1,0,0,0.0,49.26249623298645,8.0,6.284318269298748e-05,40.22429906542056,1
pandas,43,Statement,DStar,0,1,1,0.23134759976865238,85.88211822509766,134.5,0.001064983807495269,550.0,-12.0
pandas,54,Statement,DStar,0,1,0,0.0,25445.52511405945,5803.333333333333,0.04613912762331814,382.32395432554125,-2.0017094017094017
pandas,56,Statement,DStar,0,0,0,0.0,1699.1994307041168,320.0,0.0025443471761721886,550.0,-12.0
pandas,68,Statement,DStar,1,0,0,0.0,23.321685075759888,42839.0,0.34145000079705407,399.2875302158873,-9.259773276652496
pandas,72,Statement,DStar,1,1,1,1.6006739679865205,15.268394708633423,1.5,1.1965443798310479e-05,0.0005651491365777079,3.9998116169544744
pandas,74,Statement,DStar,0,1,1,0.3546099290780142,134.1193699836731,78.5,0.0006264814090644279,550.0,-12.0
pandas,77,Statement,DStar,1,0,0,0.0,0.4080839157104492,14.0,0.00011173362703315296,387.24489795918373,-8.670445956160243
pandas,81,Statement,DStar,1,1,1,2.1505376344086025,23140.768271684647,180.5,0.001444462227912932,275.0,-7.0
pandas,84,Statement,DStar,1,0,0,0.0,42.223748207092285,34.333333333333336,0.000274952617388751,550.0,-12
pandas,116,Statement,DStar,1,0,0,0.0,2121.0391430854797,347.0,0.0027804041601897406,550.0,-12.0
pandas,137,Statement,DStar,1,1,1,0.1282051282051282,3366.506372451782,505.0,0.004032837680279823,250.20381526104418,-2.782767433369843
pandas,141,Statement,DStar,1,0,1,6.2645011600928076,46.401092290878296,108.5,0.0008691472744022109,550.0,-12.0
pandas,143,Statement,DStar,1,1,1,0.49261083743842365,2166.20321059227,130.0,0.0010418837257762034,550.0,-12.0
pandas,146,Statement,DStar,1,1,1,19.047619047619047,48.27202129364014,2.5,2.0057927294025143e-05,0.024193548387096774,0.49193548387096797
pandas,168,Statement,DStar,1,1,0,0.0,6296.336213111877,2.0,1.5909633282952828e-05,0.004418262150220913,7
sanic,1,Statement,DStar,0,0,0,0.0,293.60652709007263,2.5,0.0001881821603312006,0.003129346314325452,0.49895688456189147
sanic,3,Statement,DStar,0,1,1,5.88235294117647,284.4683532714844,97.0,0.007129731716280779,275.0,-7.0
sanic,4,Statement,DStar,0,1,1,0.2004008016032064,47.88449215888977,47.0,0.0034296555750145943,275.0,-7.0
spacy,1,Statement,DStar,0,0,0,0,3.3847854137420654,1.0,9.429958979678439e-06,0.0,8.0
spacy,2,Statement,DStar,0,0,0,0.0,275.0050346851349,5.0,4.7216582463761274e-05,30.008780487804877,-1.0009756097560976
spacy,3,Statement,DStar,0,0,0,0.0,6.040996313095093,3.0,2.8053113895642416e-05,0.018354055654233273,0.330373001776199
spacy,4,Statement,DStar,1,0,1,46.51162790697674,4.43233323097229,10.0,9.9589690475242e-05,2.971085651936716,-2.049645390070922
spacy,5,Statement,DStar,1,0,0,0.0,38.57931137084961,1.0,1.002194806626512e-05,0.0,8
spacy,6,Statement,DStar,0,1,1,0.8620689655172413,34.51030898094177,17.666666666666668,0.00017745812992613725,275.0,-7.0
thefuck,2,Statement,DStar,0,0,0,0.0,3.6633265018463135,8.5,0.00195717246143219,16.31454005934718,-3.1824925816023737
thefuck,3,Statement,DStar,0,0,0,0,4.067361831665039,1.6666666666666665,0.0003878675044604763,0.01171875,2.99609375
thefuck,4,Statement,DStar,1,0,1,37.5,27.40939736366272,4.0,0.0009675858732462506,14.112094395280232,-1.4112094395280237
thefuck,6,Statement,DStar,1,0,1,4.545454545454546,1.3505890369415283,2.0,0.0004889975550122249,10.041666666666666,-2.013888888888889
thefuck,7,Statement,DStar,0,0,0,0.0,0.6760425567626953,6.0,0.0015186028853454822,150.0,3
thefuck,8,Statement,DStar,0,0,0,0.0,0.7262434959411621,2.666666666666667,0.0007000962632361951,0.1928571428571429,0.8249999999999997
thefuck,13,Statement,DStar,0,0,0,0.0,1.4209578037261963,4.5,0.0017077798861480076,45.75845410628019,-2.9178743961352653
thefuck,14,Statement,DStar,0,1,1,100.0,7.336745738983154,1.0,0.00039261876717707107,0.0,8
thefuck,15,Statement,DStar,0,0,1,4.3478260869565215,3.262887954711914,2.0,0.0007914523149980214,20.0,-5.333333333333334
thefuck,17,Statement,DStar,0,0,1,1.7857142857142856,16.943659782409668,2.0,0.0008166598611678236,5.554730983302412,0.693877551020408
thefuck,19,Statement,DStar,0,0,0,0.0,3.976938009262085,8.0,0.0035650623885918,310.0,-11.333333333333334
thefuck,20,Statement,DStar,0,0,1,58.333333333333336,0.8783576488494873,3.0,0.001344688480502017,30.0,6
thefuck,25,Statement,DStar,0,0,0,0.0,8.246513366699219,1.0,0.00055005500550055,0.0,8
thefuck,26,Statement,DStar,0,0,1,57.89473684210527,2.047957181930542,1.6666666666666665,0.0009137426900584795,0.11538461538461539,2.9615384615384617
thefuck,28,Statement,DStar,0,0,1,16.666666666666664,9.628909349441528,1.2,0.0006670372429127293,0.0029850746268656717,5.997014925373134
thefuck,29,Statement,DStar,0,0,0,0.0,2.5247983932495117,1.3333333333333333,0.0007419773696902244,0.011494252873563218,4.655172413793103
tornado,1,Statement,DStar,0,0,1,0.11689070718877849,78.14776730537415,1.0,5.662514156285391e-05,0.0,8
tornado,5,Statement,DStar,0,1,1,27.397260273972602,2001.7016625404358,3.3333333333333335,0.00018432500184325002,0.12264922322158626,0.20178068501862434
tornado,6,Statement,DStar,0,0,0,0.0,1777.4389777183533,6841.5,0.3787576814482644,4.446977124183006,-2.085375816993464
tornado,8,Statement,DStar,0,0,0,0.0,45.8743679523468,8.5,0.00048671552908841043,0.11420500403551251,-2.0121065375302662
tqdm,4,Statement,DStar,1,0,0,0.0,36.23267221450806,1.0,0.0004938271604938272,0.0,8
tqdm,5,Statement,DStar,1,1,1,1.240694789081886,80.39165186882019,89.33333333333333,0.04623878536922015,14.117718446601941,-2.078883495145631
tqdm,6,Statement,DStar,1,0,0,0.0,42.12509560585022,1.0,0.0005307855626326964,0.0,8
tqdm,7,Statement,DStar,1,0,0,0.0,0.7109723091125488,933.0,0.5112328767123288,17.71480582524272,-2.3220873786407767
tqdm,8,Statement,DStar,0,0,0,0.0,17.729987859725952,2.5,0.002206531332744925,0.09104567307692309,0.4696514423076925
tqdm,9,Statement,DStar,1,1,1,4.761904761904762,6.175822496414185,3.25,0.006063432835820896,0.03709016393442624,0.743237704918033
youtube-dl,1,Statement,DStar,0,0,1,0.2695417789757413,75.37886786460876,4.333333333333334,3.989847372992417e-05,0.021438984649686993,-0.33547723179830213
youtube-dl,2,Statement,DStar,0,0,1,1.6842105263157894,69.2180483341217,40.8,0.00038750486755501524,550.0,-12
youtube-dl,6,Statement,DStar,0,1,1,33.33333333333333,35.18240404129028,1.5,2.3032275895955532e-05,0.0005900865460267506,2.999803304484658
youtube-dl,7,Statement,DStar,0,1,1,4.3478260869565215,91.02659153938293,5.333333333333333,8.495003875845518e-05,0.03274760383386581,-0.6688498402555907
youtube-dl,13,Statement,DStar,0,1,1,9.090909090909092,61.20927572250366,8.5,7.402827008996612e-05,0.02850877192982456,-2.000814536340852
youtube-dl,15,Statement,DStar,0,0,0,0.0,53.85087466239929,54201.0,0.5111903347197465,0.2539306133056134,-2.005717255717256
youtube-dl,17,Statement,DStar,1,0,1,3.8461538461538463,82.45962834358215,2.0,1.9669744981756312e-05,0.0009414225941422594,1.9996861924686193
youtube-dl,18,Statement,DStar,0,0,1,0.21052631578947367,96.41504907608032,10.0,9.896678674636792e-05,0.2853614880938895,-1.478872601218932
youtube-dl,20,Statement,DStar,0,0,1,3.571428571428571,67.46742272377014,34884.66666666667,0.3476403546360795,0.09610355648535564,-2.0048378661087867
youtube-dl,21,Statement,DStar,0,1,1,88.88888888888889,57.83148527145386,2.0,2.0809272611875853e-05,0.0008234971177600878,1.9997255009607464
youtube-dl,24,Statement,DStar,0,1,1,0.1520912547528517,115.31560850143433,56.25,0.0006303792361484669,125.30517879161529,-4.278275978029368
youtube-dl,25,Statement,DStar,0,0,1,3.4482758620689653,38.36088013648987,7.666666666666667,9.095690619970183e-05,0.07902593221331147,-1.0931042556927941
youtube-dl,31,Statement,DStar,0,1,1,58.139534883720934,7.539561986923218,3.2,7.957427761476103e-05,0.006600660066006601,0.6655665566556661
youtube-dl,34,Statement,DStar,0,1,0,0.0,3.6900370121002197,9314.25,0.25537383818166864,0.3871966959215281,-2.0070399399258463
youtube-dl,41,Statement,DStar,0,0,0,0.0,6.069176435470581,8.666666666666668,0.00042268175315385623,0.4227495908346972,-1.2093944353518822
youtube-dl,43,Statement,DStar,0,0,0,0.0,10.410496473312378,2.5,0.00014643861293345828,0.004117108874656907,0.49862763037511426
black,1,Statement,Metallaxis,0,0,0,0.0,9860.772542476654,23249.25,0.2502852805976898,15.788895859473026,-2.0114491844416564
black,3,Statement,Metallaxis,0,0,0,0.0,2934.713768720627,45665.0,0.5000328500722702,7.641869337148306,-2.0343347639484977
black,4,Statement,Metallaxis,0,0,0,0.0,36802.90059328079,45413.5,0.5017622751579971,0.3128618172665492,-2.002013591744274
black,6,Statement,Metallaxis,0,1,1,0.11206574523720583,60647.180084228516,270.0,0.0029875188103036204,3.652748691099476,-2.074083769633508
black,7,Statement,Metallaxis,0,1,1,0.11876484560570072,38467.157809495926,13.5,0.00014945366382889216,5.22681371246346,-2.0914164230667023
black,8,Statement,Metallaxis,0,1,1,0.7784431137724551,40048.151502370834,8.0,8.857101734884803e-05,8.76797124600639,1
black,10,Statement,Metallaxis,0,1,1,1.0344827586206897,36411.9872405529,1.3333333333333333,1.4773285467888417e-05,0.01195814648729447,4.654708520179372
black,11,Statement,Metallaxis,0,1,1,0.12526096033402923,55316.58390331268,389.0,0.004310870263860722,13.034932315799038,-2.2308530934859636
black,14,Statement,Metallaxis,1,1,1,5.742574257425743,11397.33365225792,2.4,2.6670519074977497e-05,0.003417829678154372,1.6352243598042517
black,15,Statement,Metallaxis,0,1,1,5.055368319691863,37823.36705946922,1.0,1.1103955228852518e-05,0.0,8.0
black,18,Statement,Metallaxis,0,0,1,0.15467904098994587,23721.572602033615,8.0,0.001557632398753894,0.08108925869894101,-2.006051437216339
black,19,Statement,Metallaxis,0,0,1,0.20352781546811397,14800.312005281448,3.0,0.0006699419383653417,0.008178340588312887,0.33201424614166974
black,23,Statement,Metallaxis,0,1,1,0.06711409395973154,7935.155114650726,309.0,0.08442622950819673,1.863269111249223,-2.065257924176507
cookiecutter,1,Statement,Metallaxis,1,0,0,0.0,15.119228601455688,764.5,0.5006548788474132,0.005263157894736842,-2.0052631578947366
cookiecutter,2,Statement,Metallaxis,0,1,1,5.555555555555555,138.67243552207947,9.0,0.00600400266844563,12.429133858267717,0.0
cookiecutter,3,Statement,Metallaxis,0,0,0,0.0,41.21637177467346,732.5,0.501368925393566,0.43595041322314043,-2.053719008264463
cookiecutter,4,Statement,Metallaxis,0,1,0,0.0,10.85617208480835,83.0,0.09201773835920177,5,-7
fastapi,1,Statement,Metallaxis,0,1,1,16.129032258064516,967.2091643810272,1.0,0.00022411474675033618,0.0,8
fastapi,2,Statement,Metallaxis,0,0,0,0.0,1173.8808906078339,2238.5,0.5025819488100584,550.0,-12
fastapi,3,Statement,Metallaxis,1,1,1,5.172413793103448,1301.428593158722,13.0,0.002937189335743335,542.5,-9.5
fastapi,4,Statement,Metallaxis,0,0,0,0.0,457.368346452713,2245.0,0.5087242238839792,550.0,-12.0
fastapi,5,Statement,Metallaxis,0,0,0,0.0,324.2960829734802,2229.5,0.5056702200045362,550.0,-12.0
fastapi,6,Statement,Metallaxis,0,1,1,1.8518518518518516,361.4668378829956,13.5,0.0030667878237164927,7.909793814432988,-2.115335051546392
fastapi,7,Statement,Metallaxis,1,0,0,0.0,323.9393322467804,1451.3333333333333,0.33791230112533954,537.5,-10.75
fastapi,9,Statement,Metallaxis,0,1,0,0.0,427.9466383457184,686.8333333333334,0.18098375054896795,550.0,-12.0
fastapi,10,Statement,Metallaxis,0,0,0,0.0,889.5487492084503,1283.3333333333333,0.33923693717508147,245.03864168618267,-2.003512880562061
fastapi,11,Statement,Metallaxis,1,0,0,0.0,587.9990510940552,1286.6666666666667,0.34210759549765135,344.3397358943578,-8.260722470806504
fastapi,12,Statement,Metallaxis,0,0,0,0.0,452.6882300376892,726.8,0.20387096774193547,520.1172413793104,-2.0068965517241377
fastapi,14,Statement,Metallaxis,0,0,0,0.0,409.0861096382141,708.75,0.2679584120982987,550.0,-12.0
fastapi,16,Statement,Metallaxis,1,1,1,66.66666666666666,14.806779384613037,1.0,0.00039416633819471815,0.0,8
httpie,2,Statement,Metallaxis,0,1,1,1.6194331983805668,664.7562539577484,13.0,0.004741064916119621,41.58201058201058,-2.5238095238095237
httpie,3,Statement,Metallaxis,1,0,1,0.47393364928909953,612.1916303634644,24.0,0.008846295613711759,275.0,-7.0
httpie,4,Statement,Metallaxis,0,1,1,0.2785515320334262,696.679612159729,64.0,0.024931827035449942,316.7746820109025,-7.680799515445186
httpie,5,Statement,Metallaxis,0,1,1,27.173913043478258,609.3335168361664,3.0,0.004975124378109453,0.11960132890365449,6
keras,1,Statement,Metallaxis,0,0,1,2.941176470588235,20474.759580373764,16.0,0.00041747116839743254,10.402916506517961,-2.189143936482145
keras,3,Statement,Metallaxis,1,0,0,0.0,55411.42900657654,5655.0,0.14767326474121273,550.0,-12
keras,5,Statement,Metallaxis,0,0,0,0.0,108732.53878593445,18732.0,0.5006414368184734,182.01777907315653,-5.309414164966482
keras,6,Statement,Metallaxis,0,0,0,0.0,26618.655654668808,18792.5,0.506932642766583,275.0,-7
keras,7,Statement,Metallaxis,0,0,0,0.0,26873.766787290573,18845.0,0.5093518568571274,243.0231884057971,-4.71304347826087
keras,10,Statement,Metallaxis,1,1,1,25.0,1428.1467032432556,2.0,5.3921436467067486e-05,0.006600660066006601,1.3311331133113313
keras,14,Statement,Metallaxis,1,0,1,45.45454545454545,1781.590609550476,6.0,0.00016739670228496499,150.0,3
keras,17,Statement,Metallaxis,0,0,1,9.615384615384617,2160.1674296855927,20.5,0.0005788344251185905,550.0,-12.0
keras,18,Statement,Metallaxis,1,0,0,0.0,2745.791868209839,5070.142857142857,0.1432972374976784,12.64972652689152,-2.0077484047402008
keras,20,Statement,Metallaxis,1,1,0,0.0,124819.54414367676,1421.16,0.04013669227293267,2.7635490509947407,-2.1930025154356274
keras,26,Statement,Metallaxis,1,0,0,0.0,6982.627624511719,19555.5,0.5008708347206926,26.59365227227361,-2.4231485794131347
keras,31,Statement,Metallaxis,1,0,0,0.0,3046.171303510666,12878.333333333334,0.33392971356462514,49.68358999037536,-2.903031761308951
keras,33,Statement,Metallaxis,1,1,1,95.45454545454545,136.22279143333435,1.0,2.6079019428869475e-05,0.0,8.0
keras,35,Statement,Metallaxis,1,1,1,0.2145922746781116,3499.2164299488068,87.5,0.0023286140089418777,0.6224409448818897,-2.010236220472441
keras,38,Statement,Metallaxis,1,0,1,0.11771630370806356,162475.837921381,4.5,0.00012313922942206655,10.017641597028783,-0.001392757660167554
keras,40,Statement,Metallaxis,0,0,1,1.342281879194631,13953.761546850204,1.0,2.826455624646693e-05,0.0,8
keras,41,Statement,Metallaxis,0,1,1,8.333333333333332,2113.677156686783,1.5,4.3306290960533534e-05,0.004195804195804196,2.998601398601399
keras,43,Statement,Metallaxis,0,0,0,0.0,693.9736642837524,11490.0,0.3334203882649952,0.8369565217391304,-2.108695652173913
pandas,2,Statement,Metallaxis,1,1,1,0.6765899864682002,45242.27771639824,18.0,0.00014013780217213593,470.00563502384045,-2.0056350238404854
pandas,12,Statement,Metallaxis,1,0,1,0.1620745542949757,57601.012444257736,52.5,0.00041103934233705224,425.0,-10.333333333333334
pandas,23,Statement,Metallaxis,1,0,0,0.0,17276.90990948677,42696.666666666664,0.33539930296436526,1.7767393561786087,-2.09865005192108
pandas,43,Statement,Metallaxis,0,1,1,0.23134759976865238,61607.92873764038,103.0,0.0008155638079703546,550.0,-12
pandas,54,Statement,Metallaxis,0,1,0,0.0,1070.6514387130737,41928.666666666664,0.333351884389816,0.03076923076923077,-2.005128205128205
pandas,56,Statement,Metallaxis,0,0,0,0.0,123492.80399799347,42204.0,0.33556758819740956,550.0,-12.0
pandas,68,Statement,Metallaxis,1,0,0,0.0,2871.5640914440155,41881.666666666664,0.33381953632706846,39.60765191297824,-5.38909727431858
pandas,72,Statement,Metallaxis,1,1,1,1.6006739679865205,11336.808922052383,29.333333333333332,0.00023399090094473825,550.0,-12.0
pandas,74,Statement,Metallaxis,0,1,1,0.3546099290780142,13110.050924539566,25.0,0.00019951637231351206,550.0,-12
pandas,77,Statement,Metallaxis,1,0,0,0.0,110.27465343475342,41773.666666666664,0.3333945207957562,400.17857142857144,-5.011904761904762
pandas,81,Statement,Metallaxis,1,1,1,2.1505376344086025,50137.30511569977,22.0,0.00017605633802816902,380.0,-12.0
pandas,84,Statement,Metallaxis,1,0,0,0.0,15465.597380638123,41798.333333333336,0.3347347908491498,230.74444444444444,-5.037037037037037
pandas,116,Statement,Metallaxis,1,0,0,0.0,53511.98317742348,62548.0,0.5011778657393311,550.0,-12.0
pandas,137,Statement,Metallaxis,1,1,1,0.1282051282051282,105794.2286362648,102.0,0.0008145533532446375,455.0,-12
pandas,141,Statement,Metallaxis,1,0,1,6.2645011600928076,7658.712118864059,56.5,0.0004525974286057596,550.0,-12
pandas,143,Statement,Metallaxis,1,1,1,0.49261083743842365,55284.04243397713,67.0,0.0005369708432846587,550.0,-12.0
pandas,146,Statement,Metallaxis,1,1,1,19.047619047619047,727.0326640605927,2.5,2.0057927294025143e-05,0.03565365025466893,1.994057724957555
pandas,168,Statement,Metallaxis,1,1,0,0.0,35796.7813680172,41971.0,0.33387160925940657,212.81075110456555,-8.09499263622975
sanic,1,Statement,Metallaxis,0,0,0,0.0,20964.621230602264,6649.5,0.5005269100489274,20.435674547983304,-2.2312239221140473
sanic,3,Statement,Metallaxis,0,1,1,5.88235294117647,6982.3578724861145,9.0,0.000661521499448732,0.33201634877384195,-2.0088555858310624
sanic,4,Statement,Metallaxis,0,1,1,0.2004008016032064,7370.0145852565765,138.0,0.010070052539404553,275.0,-7
spacy,1,Statement,Metallaxis,0,0,0,0,6.714038133621216,35348.666666666664,0.3333364766529932,0,-10
spacy,2,Statement,Metallaxis,0,0,0,0.0,20776.617928266525,35384.0,0.33414231077954576,275.0,-7
spacy,3,Statement,Metallaxis,0,0,0,0.0,68.90127515792847,35648.333333333336,0.33334891839660874,0.015985790408525755,-2.0017761989342806
spacy,4,Statement,Metallaxis,1,0,1,46.51162790697674,142.55076122283936,1.0,9.9589690475242e-06,0.0,8
spacy,5,Statement,Metallaxis,1,0,0,0.0,4129.721351623535,49905.0,0.5001453182469608,116.87935956311281,-2.002606429192007
spacy,6,Statement,Metallaxis,0,1,1,0.8620689655172413,4397.023817062378,40.0,0.00040179199228559373,275.0,-7.0
thefuck,2,Statement,Metallaxis,0,0,0,0.0,76.0313172340393,2174.5,0.5006907667510937,1.4658753709198815,-2.0148367952522257
thefuck,3,Statement,Metallaxis,0,0,0,0,5.9149253368377686,1432.6666666666667,0.3334109068342255,0,-10
thefuck,4,Statement,Metallaxis,1,0,1,37.5,43.132866621017456,1.0,0.00024189646831156264,0.0,8.0
thefuck,6,Statement,Metallaxis,1,0,1,4.545454545454546,72.23761439323425,1.0,0.00024449877750611245,0.0,8
thefuck,7,Statement,Metallaxis,0,0,0,0.0,49.34972405433655,1324.0,0.3351050366995697,550.0,-12.0
thefuck,8,Statement,Metallaxis,0,0,0,0.0,21.025841236114502,1272.0,0.333945917563665,45.2625,-7.0875
thefuck,13,Statement,Metallaxis,0,0,0,0.0,70.38905692100525,449.3333333333333,0.17052498418722328,520.1304347826087,-2.0434782608695654
thefuck,14,Statement,Metallaxis,0,1,1,100.0,9.169326305389404,1.0,0.00039261876717707107,0.0,8
thefuck,15,Statement,Metallaxis,0,0,1,4.3478260869565215,68.23840570449829,1.0,0.0003957261574990107,0.0,8
thefuck,17,Statement,Metallaxis,0,0,1,1.7857142857142856,533.4819567203522,7.0,0.0028583095140873828,122.43197278911565,-2.1224489795918364
thefuck,19,Statement,Metallaxis,0,0,0,0.0,49.26408100128174,1125.5,0.5015597147950089,210.0,-12
thefuck,20,Statement,Metallaxis,0,0,1,58.333333333333336,43.491228342056274,1.5,0.0006723442402510085,15.0,-2.0
thefuck,25,Statement,Metallaxis,0,0,0,0.0,9.846987962722778,910.0,0.5005500550055005,10,-12
thefuck,26,Statement,Metallaxis,0,0,1,57.89473684210527,36.84566569328308,1.5,0.0008223684210526315,0.11538461538461539,2.9615384615384617
thefuck,28,Statement,Metallaxis,0,0,1,16.666666666666664,66.50066685676575,1.0,0.0005558643690939411,0.0,8
thefuck,29,Statement,Metallaxis,0,0,0,0.0,10.509875774383545,600.0,0.333889816360601,5,-7
tornado,1,Statement,Metallaxis,0,0,1,0.11689070718877849,58152.868394851685,556.0,0.031483578708946774,275.0,-7.0
tornado,5,Statement,Metallaxis,0,1,1,27.397260273972602,5809.100916862488,3.6666666666666665,0.00020275750202757503,0.11222403924775143,0.9993867538838916
tornado,6,Statement,Metallaxis,0,0,0,0.0,4062.3834235668182,3020.6666666666665,0.16722951152447912,89.73311546840958,-2.0841503267973858
tornado,8,Statement,Metallaxis,0,0,0,0.0,44027.79805994034,6249.0,0.35782180485570314,226.36400322841,-7.0
tqdm,4,Statement,Metallaxis,1,0,0,0.0,3216.189615726471,1031.5,0.5093827160493827,22.281266552880933,-2.37796480489671
tqdm,5,Statement,Metallaxis,1,1,1,1.240694789081886,18537.036682605743,40.0,0.020703933747412008,15.951051779935277,-2.085760517799353
tqdm,6,Statement,Metallaxis,1,0,0,0.0,1287.7019319534302,950.0,0.5042462845010616,60.832183441558456,-2.0016233766233764
tqdm,7,Statement,Metallaxis,1,0,0,0.0,170.25834918022156,921.0,0.5046575342465753,18.009708737864077,-2.327449249779347
tqdm,8,Statement,Metallaxis,0,0,0,0.0,4396.899015665054,588.5,0.5194174757281553,2.047008547008547,-2.0440705128205128
tqdm,9,Statement,Metallaxis,1,1,1,4.761904761904762,1288.7601749897003,1.3333333333333333,0.0024875621890547263,0.001092896174863388,4.665573770491803
youtube-dl,1,Statement,Metallaxis,0,0,1,0.2695417789757413,17249.597576856613,2.333333333333333,2.1483793546882238e-05,0.0055312580396192435,1.3314895806534603
youtube-dl,2,Statement,Metallaxis,0,0,1,1.6842105263157894,14802.59272313118,10.666666666666666,0.00010130846210588634,4.002753737214791,-1.427616050354052
youtube-dl,6,Statement,Metallaxis,0,1,1,33.33333333333333,1099.8362061977386,1.5,2.3032275895955532e-05,0.0005900865460267506,2.999803304484658
youtube-dl,7,Statement,Metallaxis,0,1,1,4.3478260869565215,1283.75954246521,3.5,5.5748462935236215e-05,0.010649627263045792,-0.3343982960596381
youtube-dl,13,Statement,Metallaxis,0,1,1,9.090909090909092,2989.8553450107574,4.0,3.483683298351347e-05,0.0057644110275689225,-0.6671679197994984
youtube-dl,15,Statement,Metallaxis,0,0,0,0.0,3771.366233110428,53021.0,0.5000613039828726,0.2503898128898129,-2.005977130977131
youtube-dl,17,Statement,Metallaxis,1,0,1,3.8461538461538463,3072.5277514457703,2.5,2.458718122719539e-05,0.001176778242677824,0.4996077405857742
youtube-dl,18,Statement,Metallaxis,0,0,1,0.21052631578947367,30649.701279878616,20.0,0.00019793357349273585,11.737839001291434,-2.1975893241498063
youtube-dl,20,Statement,Metallaxis,0,0,1,3.571428571428571,3039.9116656780243,33454.666666666664,0.3333898040466248,1.2651673640167365,-2.0047071129707112
youtube-dl,21,Statement,Metallaxis,0,1,1,88.88888888888889,2411.5949206352234,1.3333333333333333,1.3872848407917234e-05,0.00018299935950224174,4.666483667307165
youtube-dl,24,Statement,Metallaxis,0,1,1,0.1520912547528517,23554.804122686386,88.5,0.000991796664873588,275.0,-7
youtube-dl,25,Statement,Metallaxis,0,0,1,3.4482758620689653,2646.812632083893,5.5,6.525169357804695e-05,0.04124275595621378,-1.0019639407598198
youtube-dl,31,Statement,Metallaxis,0,1,1,58.139534883720934,593.8516111373901,2.666666666666667,6.631189801230087e-05,0.005657708628005658,0.8561999057048566
youtube-dl,34,Statement,Metallaxis,0,1,0,0.0,668.0723912715912,9125.25,0.2501919227922024,0.337705918242831,-2.0090756558877363
youtube-dl,41,Statement,Metallaxis,0,0,0,0.0,254.2592499256134,6837.666666666667,0.3334796462478866,0.1636661211129296,-2.01582105837425
youtube-dl,43,Statement,Metallaxis,0,0,0,0.0,184.79787278175354,8537.5,0.5000878631677601,0.0054894784995425435,-2.001829826166514
black,1,Statement,Muse,0,0,0,0.0,9860.772542476654,23249.25,0.2502852805976898,15.817126725219573,-2.0114491844416564
black,3,Statement,Muse,0,0,0,0.0,2934.713768720627,45665.0,0.5000328500722702,5.27110157367668,-2.3514067715784455
black,4,Statement,Muse,0,0,0,0.0,36802.90059328079,45413.5,0.5017622751579971,12.20765164862824,-2.306065945129625
black,6,Statement,Muse,0,1,1,0.11206574523720583,60647.180084228516,162.5,0.0017980437284234752,53.264569669712664,-2.922221759788304
black,7,Statement,Muse,0,1,1,0.11876484560570072,38467.157809495926,4.0,4.4282567060412495e-05,0.004251926654265214,5
black,8,Statement,Muse,0,1,1,0.7784431137724551,40048.151502370834,210.0,0.0023249892054072606,176.6809699548344,-5.188514923457393
black,10,Statement,Muse,0,1,1,1.0344827586206897,36411.9872405529,1.0,1.1079964100916312e-05,0.0,8
black,11,Statement,Muse,0,1,1,0.12526096033402923,55316.58390331268,290.5,0.003219300287021953,132.58930602155996,-4.393473275627109
black,14,Statement,Muse,1,1,1,5.742574257425743,11397.33365225792,18.0,0.00020002889306233122,436.00465964112783,-9.447357448020508
black,15,Statement,Muse,0,1,1,5.055368319691863,37823.36705946922,17.310344827586206,0.000192213293961516,150.39064213415568,-4.17549307600116
black,18,Statement,Muse,0,0,1,0.15467904098994587,23721.572602033615,17.0,0.003309968847352025,5.2,-2.004841149773071
black,19,Statement,Muse,0,0,1,0.20352781546811397,14800.312005281448,21.0,0.004689593568557392,7.087455480807283,-2.0138504155124655
black,23,Statement,Muse,0,1,1,0.06711409395973154,7935.155114650726,40.5,0.011065573770491803,1.5605966438781855,-2.0205096333126162
cookiecutter,1,Statement,Muse,1,0,0,0.0,15.119228601455688,764.5,0.5006548788474132,0.005263157894736842,-2.0052631578947366
cookiecutter,2,Statement,Muse,0,1,1,5.555555555555555,138.67243552207947,5.666666666666667,0.0037802979764287306,34.18700787401575,-2.3779527559055116
cookiecutter,3,Statement,Muse,0,0,0,0.0,41.21637177467346,732.5,0.501368925393566,0.4132231404958677,-2.0688705234159777
cookiecutter,4,Statement,Muse,0,1,0,0.0,10.85617208480835,83.0,0.09201773835920177,5,-7
fastapi,1,Statement,Muse,0,1,1,16.129032258064516,967.2091643810272,6.333333333333333,0.0014193933960854623,0.7044025157232705,-0.9224318658280923
fastapi,2,Statement,Muse,0,0,0,0.0,1173.8808906078339,2238.5,0.5025819488100584,488.9858728557013,-10.890652233740024
fastapi,3,Statement,Muse,1,1,1,5.172413793103448,1301.428593158722,5.0,0.0011296882060551287,27.03884892086331,-2.011305241521069
fastapi,4,Statement,Muse,0,0,0,0.0,457.368346452713,2245.0,0.5087242238839792,550.0,-12
fastapi,5,Statement,Muse,0,0,0,0.0,324.2960829734802,2229.5,0.5056702200045362,387.2448979591836,-9.040816326530612
fastapi,6,Statement,Muse,0,1,1,1.8518518518518516,361.4668378829956,1.0,0.00022716946842344388,0.0,8
fastapi,7,Statement,Muse,1,0,0,0.0,323.9393322467804,1451.3333333333333,0.33791230112533954,493.10344827586204,-10.96551724137931
fastapi,9,Statement,Muse,0,1,0,0.0,427.9466383457184,686.8333333333334,0.18098375054896795,542.1668659492494,-11.857579380895443
fastapi,10,Statement,Muse,0,0,0,0.0,889.5487492084503,1283.3333333333333,0.33923693717508147,292.3106947697111,-7.314739904903838
fastapi,11,Statement,Muse,1,0,0,0.0,587.9990510940552,1286.6666666666667,0.34210759549765135,344.3397358943578,-8.260722470806504
fastapi,12,Statement,Muse,0,0,0,0.0,452.6882300376892,726.8,0.20387096774193547,495.13103448275865,-3.0551724137931036
fastapi,14,Statement,Muse,0,0,0,0.0,409.0861096382141,708.75,0.2679584120982987,371.031746031746,-8.746031746031747
fastapi,16,Statement,Muse,1,1,1,66.66666666666666,14.806779384613037,1.5,0.0005912495072920772,0.0189873417721519,2.9936708860759493
httpie,2,Statement,Muse,0,1,1,1.6194331983805668,664.7562539577484,60.0,0.02188183807439825,339.7813411078717,-8.09380895215229
httpie,3,Statement,Muse,1,0,1,0.47393364928909953,612.1916303634644,2.0,0.0007371913011426465,0.013157894736842105,7
httpie,4,Statement,Muse,0,1,1,0.2785515320334262,696.679612159729,7.0,0.0027269185820023374,105.0,2
httpie,5,Statement,Muse,0,1,1,27.173913043478258,609.3335168361664,1.0,0.001658374792703151,0.0,8
keras,1,Statement,Muse,0,0,1,2.941176470588235,20474.759580373764,11.0,0.0002870114282732349,13.47591166700263,-2.3131537947918988
keras,3,Statement,Muse,1,0,0,0.0,55411.42900657654,5655.0,0.14767326474121273,487.01269341239686,-10.854776243861762
keras,5,Statement,Muse,0,0,0,0.0,108732.53878593445,18732.0,0.5006414368184734,182.01777907315653,-5.309414164966482
keras,6,Statement,Muse,0,0,0,0.0,26618.655654668808,18792.5,0.506932642766583,275.0,-7
keras,7,Statement,Muse,0,0,0,0.0,26873.766787290573,18845.0,0.5093518568571274,540.2624425847858,-11.82295350154156
keras,10,Statement,Muse,1,1,1,25.0,1428.1467032432556,3.0,8.088215470060122e-05,0.06311881188118812,0.48948019801980225
keras,14,Statement,Muse,1,0,1,45.45454545454545,1781.590609550476,3.5,9.764807633289625e-05,83.33333333333334,-8.666666666666668
keras,17,Statement,Muse,0,0,1,9.615384615384617,2160.1674296855927,22.0,0.000621188163541902,550.0,-12
keras,18,Statement,Muse,1,0,0,0.0,2745.791868209839,5070.142857142857,0.1432972374976784,98.91003241162767,-3.7983642256659573
keras,20,Statement,Muse,1,1,0,0.0,124819.54414367676,1421.16,0.04013669227293267,2.8223187742968214,-2.1881545849531214
keras,26,Statement,Muse,1,0,0,0.0,6982.627624511719,19555.5,0.5008708347206926,10.972165256623267,-2.1994939137567866
keras,31,Statement,Muse,1,0,0,0.0,3046.171303510666,12878.333333333334,0.33392971356462514,29.714728528562535,-2.54026779142841
keras,33,Statement,Muse,1,1,1,95.45454545454545,136.22279143333435,1.3333333333333333,3.4772025905159296e-05,0.0027624309392265192,4.663904235727441
keras,35,Statement,Muse,1,1,1,0.2145922746781116,3499.2164299488068,51.0,0.0013572493080689803,3.7449910345365254,-1.9690808450923831
keras,38,Statement,Muse,1,0,1,0.11771630370806356,162475.837921381,255.0,0.006977889667250438,481.9824313699736,-10.743670568577123
keras,40,Statement,Muse,0,0,1,1.342281879194631,13953.761546850204,21.333333333333332,0.0006029771999246278,359.8045606330909,-8.224440784959516
keras,41,Statement,Muse,0,1,1,8.333333333333332,2113.677156686783,4.0,0.00011548344256142276,0.07192807192807193,-0.5786213786213785
keras,43,Statement,Muse,0,0,0,0.0,693.9736642837524,11490.0,0.3334203882649952,0.8152173913043479,-2.0815217391304346
pandas,2,Statement,Muse,1,1,1,0.6765899864682002,45242.27771639824,132.0,0.0010276772159289967,403.93721690194604,-9.287387038375904
pandas,12,Statement,Muse,1,0,1,0.1620745542949757,57601.012444257736,118.5,0.0009277745155607751,501.0782551489784,-11.068140848625495
pandas,23,Statement,Muse,1,0,0,0.0,17276.90990948677,42696.666666666664,0.33539930296436526,550.0,-12
pandas,43,Statement,Muse,0,1,1,0.23134759976865238,61607.92873764038,10.0,7.918095223013152e-05,280.12457531143826,-1
pandas,54,Statement,Muse,0,1,0,0.0,1070.6514387130737,41928.666666666664,0.333351884389816,0.03076923076923077,-2.005128205128205
pandas,56,Statement,Muse,0,0,0,0.0,123492.80399799347,42204.0,0.33556758819740956,301.0,-7
pandas,68,Statement,Muse,1,0,0,0.0,2871.5640914440155,41881.666666666664,0.33381953632706846,106.195423855964,-2.129782445611403
pandas,72,Statement,Muse,1,1,1,1.6006739679865205,11336.808922052383,264.0,0.0021059181085026444,550.0,-12
pandas,74,Statement,Muse,0,1,1,0.3546099290780142,13110.050924539566,43.5,0.00034715848782551097,473.8777175496882,-10.49967943113598
pandas,77,Statement,Muse,1,0,0,0.0,110.27465343475342,41773.666666666664,0.3333945207957562,400.17857142857144,-9.275974025974026
pandas,81,Statement,Muse,1,1,1,2.1505376344086025,50137.30511569977,16.333333333333336,0.00013070849338454974,357.9738408521303,-8.091948621553886
pandas,84,Statement,Muse,1,0,0,0.0,15465.597380638123,41798.333333333336,0.3347347908491498,520.2074074074073,-2.0685185185185184
pandas,116,Statement,Muse,1,0,0,0.0,53511.98317742348,62548.0,0.5011778657393311,550.0,-12
pandas,137,Statement,Muse,1,1,1,0.1282051282051282,105794.2286362648,508.0,0.004056795131845842,550.0,-12
pandas,141,Statement,Muse,1,0,1,6.2645011600928076,7658.712118864059,28.0,0.0002242960708134738,394.48271752085816,-7.274135876042909
pandas,143,Statement,Muse,1,1,1,0.49261083743842365,55284.04243397713,341.0,0.0027329411576129644,550.0,-12.0
pandas,146,Statement,Muse,1,1,1,19.047619047619047,727.0326640605927,5.0,4.0115854588050287e-05,0.22750424448217318,4
pandas,168,Statement,Muse,1,1,0,0.0,35796.7813680172,41971.0,0.33387160925940657,515.0,-12.0
sanic,1,Statement,Muse,0,0,0,0.0,20964.621230602264,6649.5,0.5005269100489274,18.894297635605007,-2.343532684283727
sanic,3,Statement,Muse,0,1,1,5.88235294117647,6982.3578724861145,17.5,0.0012862918044836457,156.60762942779294,-4.5532937970828655
sanic,4,Statement,Muse,0,1,1,0.2004008016032064,7370.0145852565765,88.0,0.00642148277875073,255.20154061624652,-6.582885154061625
spacy,1,Statement,Muse,0,0,0,0,6.714038133621216,35348.666666666664,0.3333364766529932,0,-10
spacy,2,Statement,Muse,0,0,0,0.0,20776.617928266525,35384.0,0.33414231077954576,310.8217892530485,-7.651305259146336
spacy,3,Statement,Muse,0,0,0,0.0,68.90127515792847,35648.333333333336,0.33334891839660874,0.013321492007104795,-2.0044404973357013
spacy,4,Statement,Muse,1,0,1,46.51162790697674,142.55076122283936,6.0,5.97538142851452e-05,2.9290780141843973,3
spacy,5,Statement,Muse,1,0,0,0.0,4129.721351623535,49905.0,0.5001453182469608,170.1346655082537,-2.002606429192007
spacy,6,Statement,Muse,0,1,1,0.8620689655172413,4397.023817062378,1.5,1.5067199710709765e-05,7.5,0.5
thefuck,2,Statement,Muse,0,0,0,0.0,76.0313172340393,2174.5,0.5006907667510937,0.9525222551928783,-2.0635014836795254
thefuck,3,Statement,Muse,0,0,0,0,5.9149253368377686,1432.6666666666667,0.3334109068342255,0,-10
thefuck,4,Statement,Muse,1,0,1,37.5,43.132866621017456,2.333333333333333,0.0005644250927269794,10.053097345132743,-2.0176991150442474
thefuck,6,Statement,Muse,1,0,1,4.545454545454546,72.23761439323425,6.5,0.001589242053789731,192.5,-10.333333333333334
thefuck,7,Statement,Muse,0,0,0,0.0,49.34972405433655,1324.0,0.3351050366995697,550.0,-12.0
thefuck,8,Statement,Muse,0,0,0,0.0,21.025841236114502,1272.0,0.333945917563665,40.35,-8.725000000000001
thefuck,13,Statement,Muse,0,0,0,0.0,70.38905692100525,449.3333333333333,0.17052498418722328,458.731884057971,-10.340579710144928
thefuck,14,Statement,Muse,0,1,1,100.0,9.169326305389404,1.0,0.00039261876717707107,0.0,8
thefuck,15,Statement,Muse,0,0,1,4.3478260869565215,68.23840570449829,1.0,0.0003957261574990107,0.0,8
thefuck,17,Statement,Muse,0,0,1,1.7857142857142856,533.4819567203522,4.5,0.0018374846876276032,37.88265306122449,-4.538265306122449
thefuck,19,Statement,Muse,0,0,0,0.0,49.26408100128174,1125.5,0.5015597147950089,210.0,-12.0
thefuck,20,Statement,Muse,0,0,1,58.333333333333336,43.491228342056274,2.0,0.0008964589870013447,6.039999999999999,-0.013333333333333197
thefuck,25,Statement,Muse,0,0,0,0.0,9.846987962722778,910.0,0.5005500550055005,10,-12
thefuck,26,Statement,Muse,0,0,1,57.89473684210527,36.84566569328308,2.0,0.0010964912280701754,0.15384615384615385,1.2820512820512824
thefuck,28,Statement,Muse,0,0,1,16.666666666666664,66.50066685676575,2.5,0.0013896609227348527,7.791044776119403,-2.0970149253731343
thefuck,29,Statement,Muse,0,0,0,0.0,10.509875774383545,600.0,0.333889816360601,5,-7
tornado,1,Statement,Muse,0,0,1,0.11689070718877849,58152.868394851685,301.5,0.01707248018120045,248.8324746818176,-6.507615516715621
tornado,5,Statement,Muse,0,1,1,27.397260273972602,5809.100916862488,2.333333333333333,0.000129027501290275,0.03761242845461979,1.320795857181793
tornado,6,Statement,Muse,0,0,0,0.0,4062.3834235668182,3020.6666666666665,0.16722951152447912,51.1468545751634,-2.9299428104575163
tornado,8,Statement,Muse,0,0,0,0.0,44027.79805994034,6249.0,0.35782180485570314,275.0,-7
tqdm,4,Statement,Muse,1,0,0,0.0,3216.189615726471,1031.5,0.5093827160493827,53.54649599867656,-2.973572654521392
tqdm,5,Statement,Muse,1,1,1,1.240694789081886,18537.036682605743,23.0,0.011904761904761904,63.582119741100314,-2.085760517799353
tqdm,6,Statement,Muse,1,0,0,0.0,1287.7019319534302,950.0,0.5042462845010616,132.13839285714286,-2.000811688311688
tqdm,7,Statement,Muse,1,0,0,0.0,170.25834918022156,921.0,0.5046575342465753,17.838288834951452,-2.3243325242718447
tqdm,8,Statement,Muse,0,0,0,0.0,4396.899015665054,588.5,0.5194174757281553,4.172350178890876,-2.0758609123434706
tqdm,9,Statement,Muse,1,1,1,4.761904761904762,1288.7601749897003,9.0,0.016791044776119403,12.218063717909061,-1.3281163006495516
youtube-dl,1,Statement,Muse,0,0,1,0.2695417789757413,17249.597576856613,27.333333333333332,0.00025166729583490623,10.381185147071434,-1.9418352406089308
youtube-dl,2,Statement,Muse,0,0,1,1.6842105263157894,14802.59272313118,1.0,9.497668322426843e-06,0.0,8
youtube-dl,6,Statement,Muse,0,1,1,33.33333333333333,1099.8362061977386,1.5,2.3032275895955532e-05,0.0005900865460267506,2.999803304484658
youtube-dl,7,Statement,Muse,0,1,1,4.3478260869565215,1283.75954246521,4.5,7.167659520244656e-05,0.017971246006389774,-0.751797124600639
youtube-dl,13,Statement,Muse,0,1,1,9.090909090909092,2989.8553450107574,3.0,2.61276247376351e-05,0.003609022556390978,-0.0006015037593982697
youtube-dl,15,Statement,Muse,0,0,0,0.0,3771.366233110428,53021.0,0.5000613039828726,0.2548943173943174,-2.004634442134442
youtube-dl,17,Statement,Muse,1,0,1,3.8461538461538463,3072.5277514457703,2.5,2.458718122719539e-05,0.001176778242677824,0.4996077405857742
youtube-dl,18,Statement,Muse,0,0,1,0.21052631578947367,30649.701279878616,77.0,0.000762044257947033,90.01505265616076,-3.5712778438969215
youtube-dl,20,Statement,Muse,0,0,1,3.571428571428571,3039.9116656780243,33454.666666666664,0.3333898040466248,0.8413964435146444,-2.0233721234309625
youtube-dl,21,Statement,Muse,0,1,1,88.88888888888889,2411.5949206352234,1.3333333333333333,1.3872848407917234e-05,0.00018299935950224174,4.666483667307165
youtube-dl,24,Statement,Muse,0,1,1,0.1520912547528517,23554.804122686386,121.0,0.0013560157790927022,162.79100644151222,-4.918342704821158
youtube-dl,25,Statement,Muse,0,0,1,3.4482758620689653,2646.812632083893,5.0,5.931972143458814e-05,0.03042498390212492,-1.5018110109465548
youtube-dl,31,Statement,Muse,0,1,1,58.139534883720934,593.8516111373901,2.666666666666667,6.631189801230087e-05,0.005657708628005658,0.8561999057048566
youtube-dl,34,Statement,Muse,0,1,0,0.0,668.0723912715912,9125.25,0.2501919227922024,0.36912751677852357,-2.0082028337061892
youtube-dl,41,Statement,Muse,0,0,0,0.0,254.2592499256134,6837.666666666667,0.3334796462478866,0.161620294599018,-2.0161620294599016
youtube-dl,43,Statement,Muse,0,0,0,0.0,184.79787278175354,8537.5,0.5000878631677601,0.0054894784995425435,-2.001829826166514
black,1,Statement,PS,0,0,0,0.0,93.75341796875,23226.75,0.2500430612222928,11.962515683814303,-2.80034504391468
black,3,Statement,PS,0,0,0,0.0,9.7900550365448,45662.5,0.5000054750120451,0,-10
black,4,Statement,PS,0,0,0,0.0,4539.681412220001,45262.0,0.5000883899765767,402.8941605839416,-2.0060407752328215
black,6,Statement,PS,0,1,1,0.11206574523720583,169262.10593223572,2825.25,0.0312610648844826,0.6664921465968586,-2.6664921465968585
black,7,Statement,PS,0,1,1,0.11876484560570072,14672.780691862106,1.0,1.1070641765103124e-05,0.0,8
black,8,Statement,PS,0,1,1,0.7784431137724551,18637.41338825226,30108.0,0.33333702379238955,0,-10
black,10,Statement,PS,0,1,1,1.0344827586206897,38684.765807151794,5.0,5.5399820504581564e-05,0.26905829596412556,4
black,11,Statement,PS,0,1,1,0.12526096033402923,118834.71238160133,30079.333333333332,0.33333702730956627,0,-10
black,14,Statement,PS,1,1,1,5.742574257425743,37932.707665205,6922.153846153846,0.07692393174740625,0,-10
black,15,Statement,PS,0,1,1,5.055368319691863,113452.8176958561,784.1130434782609,0.008706756129141896,10,-12
black,18,Statement,PS,0,0,1,0.15467904098994587,29421.612568616867,430.8333333333333,0.083884994807892,0.026928895612708018,-2.000302571860817
black,19,Statement,PS,0,0,1,0.20352781546811397,6064.00123167038,1493.0,0.333407771326485,0,-10
black,23,Statement,PS,0,1,1,0.06711409395973154,35329.5361802578,203.38888888888889,0.055570734669095324,0,-10
cookiecutter,1,Statement,PS,1,0,0,0.0,2.074887990951538,764.0,0.5003274394237066,0,-10
cookiecutter,2,Statement,PS,0,1,1,5.555555555555555,26.76218032836914,187.5,0.12508338892595064,0,-10
cookiecutter,3,Statement,PS,0,0,0,0.0,18.29013729095459,731.0,0.5003422313483915,0,-10
cookiecutter,4,Statement,PS,0,1,0,0.0,6.338956594467163,82.0909090909091,0.09100987704091917,0,-10
fastapi,1,Statement,PS,0,1,1,16.129032258064516,205.24002027511597,39.14912280701754,0.008773895743392546,0,-10
fastapi,2,Statement,PS,0,0,0,0.0,55.62518310546875,2227.5,0.5001122586439156,0,-10
fastapi,3,Statement,PS,1,1,1,5.172413793103448,242.84236693382263,553.375,0.12502824220515138,0,-10
fastapi,4,Statement,PS,0,0,0,0.0,2511.5323479175568,2207.5,0.5002266032177657,10,-12
fastapi,5,Statement,PS,0,0,0,0.0,205.59823203086853,2208.5,0.5009072352007258,140.0,-7.0
fastapi,6,Statement,PS,0,1,1,1.8518518518518516,457.0858738422394,1.0,0.00022716946842344388,0.0,8.0
fastapi,7,Statement,PS,1,0,0,0.0,60.436787843704224,1432.0,0.33341094295692664,0,-10
fastapi,9,Statement,PS,0,1,0,0.0,4017.0252335071564,632.6666666666666,0.16671058410188844,0,-10
fastapi,10,Statement,PS,0,0,0,0.0,113.7317590713501,1261.3333333333333,0.33342144682350866,0,-10
fastapi,11,Statement,PS,1,0,0,0.0,143.00503993034363,1254.0,0.33342196224408405,0,-10
fastapi,12,Statement,PS,0,0,0,0.0,35.077723026275635,714.8,0.2005049088359046,10.055172413793104,-2.0551724137931036
fastapi,14,Statement,PS,0,0,0,0.0,1623.813777923584,661.5,0.2500945179584121,0,-10
fastapi,16,Statement,PS,1,1,1,66.66666666666666,13.46517539024353,211.5,0.0833661805281829,0,-10
httpie,2,Statement,PS,0,1,1,1.6194331983805668,192.34046244621277,914.3333333333334,0.3334548991004133,0,-10
httpie,3,Statement,PS,1,0,1,0.47393364928909953,26.51479935646057,904.6666666666666,0.33345619855019043,0,-10
httpie,4,Statement,PS,0,1,1,0.2785515320334262,220.40973734855652,1.0,0.00038955979742890534,0.0,8
httpie,5,Statement,PS,0,1,1,27.173913043478258,26.653422117233276,75.5,0.1252072968490879,0,-10
keras,1,Statement,PS,0,0,1,2.941176470588235,627.9061393737793,2021.9473684210527,0.052756545645803184,2.3051356465001005,-2.2275666098366504
keras,3,Statement,PS,1,0,0,0.0,1869.1951713562012,5470.714285714285,0.14286087339307163,0,-10
keras,5,Statement,PS,0,0,0,0.0,55.69915580749512,18708.5,0.5000133632670515,0,-10
keras,6,Statement,PS,0,0,0,0.0,4203.084482192993,18538.0,0.500067438159208,45.01155115511551,-2.0115511551155114
keras,7,Statement,PS,0,0,0,0.0,12379.123174905777,18499.5,0.5000135142440132,0,-10
keras,10,Statement,PS,1,1,1,25.0,86.7047348022461,2060.6666666666665,0.055557053373235195,0,-10
keras,14,Statement,PS,1,0,1,45.45454545454545,58.315861225128174,17922.0,0.5000139497251904,0,-10
keras,17,Statement,PS,0,0,1,9.615384615384617,145.79922080039978,17710.5,0.5000705895640388,100,-12
keras,18,Statement,PS,1,0,0,0.0,72.30160403251648,5054.714285714285,0.14286118042265233,0,-10
keras,20,Statement,PS,1,1,0,0.0,17664.967761039734,1416.36,0.04000112968820605,0,-10
keras,26,Statement,PS,1,0,0,0.0,3134.593938589096,19522.0,0.5000128063929513,0,-10
keras,31,Statement,PS,1,0,0,0.0,21.71104598045349,12855.666666666666,0.3333419765250912,0,-10
keras,33,Statement,PS,1,1,1,95.45454545454545,28.679107666015625,7669.2,0.20000521580388578,0,-10
keras,35,Statement,PS,1,1,1,0.2145922746781116,5849.953172206879,4697.125,0.12500332659144134,0,-10
keras,38,Statement,PS,1,0,1,0.11771630370806356,6425.10378241539,18272.5,0.5000136821366025,0,-10
keras,40,Statement,PS,0,0,1,1.342281879194631,827.7390344142914,8845.25,0.2500070661390616,0,-10
keras,41,Statement,PS,0,1,1,8.333333333333332,77.3177375793457,2164.875,0.06250180442879003,0,-10
keras,43,Statement,PS,0,0,0,0.0,58.696354389190674,11487.333333333334,0.333343006103518,0,-10
pandas,2,Statement,PS,1,1,1,0.6765899864682002,32277.67711544037,25689.2,0.20000155708669082,0,-10
pandas,12,Statement,PS,1,0,1,0.1620745542949757,24271.84233021736,9826.0,0.07693090624388334,5,-7
pandas,23,Statement,PS,1,0,0,0.0,99578.901201725,42440.666666666664,0.33338832111818967,61.56542056074767,-5.030287296642437
pandas,43,Statement,PS,0,1,1,0.23134759976865238,28776.36675977707,4.0,3.167238089205261e-05,60.0,5
pandas,54,Statement,PS,0,1,0,0.0,46.08626055717468,41926.666666666664,0.3333359834842594,0,-10
pandas,56,Statement,PS,0,0,0,0.0,23584.782984018326,41923.333333333336,0.3333359836949752,0,-10
pandas,68,Statement,PS,1,0,0,0.0,4974.024302482605,41821.0,0.33333599018029364,0,-10
pandas,72,Statement,PS,1,1,1,1.6006739679865205,4081.1331992149353,15670.25,0.12500099712031654,0,-10
pandas,74,Statement,PS,0,1,1,0.3546099290780142,3342.62832403183,1.0,7.980654892540482e-06,0.0,8
pandas,77,Statement,PS,1,0,0,0.0,319.3047137260437,41766.333333333336,0.33333599365778654,0,-10
pandas,81,Statement,PS,1,1,1,2.1505376344086025,12458.790018081665,20826.833333333332,0.16666800042680324,0,-10
pandas,84,Statement,PS,1,0,0,0.0,36150.16482114792,41623.666666666664,0.3333360027762206,0,-10
pandas,116,Statement,PS,1,0,0,0.0,40300.29475188255,62401.5,0.5000040063460521,0,-10
pandas,137,Statement,PS,1,1,1,0.1282051282051282,132688.53024053574,31308.75,0.2500259539058632,100,-12
pandas,141,Statement,PS,1,0,1,6.2645011600928076,15481.485755681992,62418.0,0.5000040052869789,0,-10
pandas,143,Statement,PS,1,1,1,0.49261083743842365,66614.74611353874,41591.666666666664,0.3333360048300661,0,-10
pandas,146,Statement,PS,1,1,1,19.047619047619047,267.63145875930786,13848.888888888889,0.1111120025745464,0,-10
pandas,168,Statement,PS,1,1,0,0.0,8535.846648693085,41903.666666666664,0.33333598493888045,0,-10
sanic,1,Statement,PS,0,0,0,0.0,440.5520324707031,6643.0,0.5000376364320662,0,-10
sanic,3,Statement,PS,0,1,1,5.88235294117647,196.67888522148132,3401.5,0.2500183755972069,0,-10
sanic,4,Statement,PS,0,1,1,0.2004008016032064,459.0560920238495,4568.333333333333,0.33335765713173765,0,-10
spacy,1,Statement,PS,0,0,0,0,0.2565317153930664,35348.666666666664,0.3333364766529932,0,-10
spacy,2,Statement,PS,0,0,0,0.0,83087.99269723892,35298.666666666664,0.3333364811054976,0,-10
spacy,3,Statement,PS,0,0,0,0.0,15.23869276046753,35647.0,0.3333364503459884,0,-10
spacy,4,Statement,PS,1,0,1,46.51162790697674,11.089735269546509,50206.5,0.5000049794845237,0,-10
spacy,5,Statement,PS,1,0,0,0.0,71.84405374526978,49891.0,0.5000050109740332,0,-10
spacy,6,Statement,PS,0,1,1,0.8620689655172413,306.7640278339386,4.0,4.017919922855937e-05,30.0,5
thefuck,2,Statement,PS,0,0,0,0.0,7.9789745807647705,2172.0,0.500115127791849,0,-10
thefuck,3,Statement,PS,0,0,0,0,0.26230478286743164,1432.6666666666667,0.3334109068342255,0,-10
thefuck,4,Statement,PS,1,0,1,37.5,13.70940113067627,1033.75,0.2500604741170779,0,-10
thefuck,6,Statement,PS,1,0,1,4.545454545454546,5.421767711639404,1363.6666666666667,0.3334148329258354,0,-10
thefuck,7,Statement,PS,0,0,0,0.0,18.607203722000122,1317.3333333333333,0.3334177001602969,0,-10
thefuck,8,Statement,PS,0,0,0,0.0,14.905308246612549,1270.0,0.33342084536623784,0,-10
thefuck,13,Statement,PS,0,0,0,0.0,32.64718770980835,439.3333333333333,0.16672991777356103,0,-10
thefuck,14,Statement,PS,0,1,1,100.0,11.717396974563599,424.6666666666667,0.16673210312786285,0,-10
thefuck,15,Statement,PS,0,0,1,4.3478260869565215,37.31206679344177,505.6,0.2000791452314998,0,-10
thefuck,17,Statement,PS,0,0,1,1.7857142857142856,290.60990047454834,222.72727272727272,0.09094621181187126,0,-10
thefuck,19,Statement,PS,0,0,0,0.0,58.811904191970825,1122.5,0.500222816399287,0,-10
thefuck,20,Statement,PS,0,0,1,58.333333333333336,6.726948022842407,446.4,0.20008964589870012,0,-10
thefuck,25,Statement,PS,0,0,0,0.0,9.800950765609741,909.5,0.5002750275027503,0,-10
thefuck,26,Statement,PS,0,0,1,57.89473684210527,15.910508871078491,608.3333333333334,0.33351608187134507,0,-10
thefuck,28,Statement,PS,0,0,1,16.666666666666664,254.17725825309753,180.0,0.1000555864369094,0,-10
thefuck,29,Statement,PS,0,0,0,0.0,2.6936237812042236,599.3333333333334,0.3335188276757559,0,-10
tornado,1,Statement,PS,0,0,1,0.11689070718877849,2285.3014409542084,5887.0,0.33335220838052093,0,-10
tornado,5,Statement,PS,0,1,1,27.397260273972602,15.831645965576172,6028.333333333333,0.33335176583351767,0,-10
tornado,6,Statement,PS,0,0,0,0.0,229.30976128578186,3010.6666666666665,0.16667589363154883,0,-10
tornado,8,Statement,PS,0,0,0,0.0,3249.28294301033,5827.666666666667,0.33369598411971296,211.11057304277642,-2.36319612590799
tqdm,4,Statement,PS,1,0,0,0.0,51.20026516914368,1013.0,0.5002469135802469,0,-10
tqdm,5,Statement,PS,1,1,1,1.240694789081886,452.6366128921509,193.3,0.10005175983436854,0,-10
tqdm,6,Statement,PS,1,0,0,0.0,9.69436502456665,942.5,0.5002653927813163,0,-10
tqdm,7,Statement,PS,1,0,0,0.0,18.93904423713684,913.0,0.5002739726027398,0,-10
tqdm,8,Statement,PS,0,0,0,0.0,109.56104493141174,567.0,0.500441306266549,0,-10
tqdm,9,Statement,PS,1,1,1,4.761904761904762,131.17345690727234,59.666666666666664,0.111318407960199,0,-10
youtube-dl,1,Statement,PS,0,0,1,0.2695417789757413,255.04470682144165,36203.333333333336,0.3333364024466972,0,-10
youtube-dl,2,Statement,PS,0,0,1,1.6842105263157894,1180.5317454338074,9571.818181818182,0.09090995433348385,0,-10
youtube-dl,6,Statement,PS,0,1,1,33.33333333333333,8.705832242965698,10854.5,0.16666922580843288,0,-10
youtube-dl,7,Statement,PS,0,1,1,4.3478260869565215,69.46882820129395,20927.666666666668,0.33333864271075575,0,-10
youtube-dl,13,Statement,PS,0,1,1,9.090909090909092,214.2409746646881,3.0,2.61276247376351e-05,0.003383458646616541,6
youtube-dl,15,Statement,PS,0,0,0,0.0,891.6497943401337,53015.5,0.5000094313819804,0.006496881496881497,-2.0064968814968815
youtube-dl,17,Statement,PS,1,0,1,3.8461538461538463,21.799129247665405,33893.333333333336,0.33333661162416367,0,-10
youtube-dl,18,Statement,PS,0,0,1,0.21052631578947367,507.5519185066223,50522.5,0.5000049483393373,0,-10
youtube-dl,20,Statement,PS,0,0,1,3.571428571428571,11.767359972000122,33449.333333333336,0.33333665513999755,0,-10
youtube-dl,21,Statement,PS,0,1,1,88.88888888888889,25.272900819778442,32037.333333333332,0.3333368015454353,0,-10
youtube-dl,24,Statement,PS,0,1,1,0.1520912547528517,16454.483955860138,22311.25,0.2500364219114219,30.03822441430333,-5.009556103575832
youtube-dl,25,Statement,PS,0,0,1,3.4482758620689653,264.5544602870941,21074.0,0.2500207619025021,0.009336767546683838,-2.00032195750161
youtube-dl,31,Statement,PS,0,1,1,58.139534883720934,163.38179850578308,3655.909090909091,0.0909113515419777,0,-10
youtube-dl,34,Statement,PS,0,1,0,0.0,8.894504070281982,9118.5,0.2500068543854358,0,-10
youtube-dl,41,Statement,PS,0,0,0,0.0,14.524153470993042,6835.0,0.33334959032383926,0,-10
youtube-dl,43,Statement,PS,0,0,0,0.0,24.447188138961792,8536.5,0.5000292877225867,0,-10
black,1,Statement,ST,0,0,0,0.0,0.6854918003082275,23223.0,0.2500026913263933,0,-10
black,3,Statement,ST,0,0,0,0.0,0.6290433406829834,45662.5,0.5000054750120451,0,-10
black,4,Statement,ST,0,0,0,0.0,0.5745937824249268,45254.5,0.5000055243735361,0,-10
black,6,Statement,ST,0,1,1,0.11206574523720583,1.1557211875915527,2824.28125,0.03125034577764008,0,-10
black,7,Statement,ST,0,1,1,0.11876484560570072,0.6276981830596924,22582.5,0.25000276766044127,0,-10
black,8,Statement,ST,0,1,1,0.7784431137724551,0.5991418361663818,30108.0,0.33333702379238955,0,-10
black,10,Statement,ST,0,1,1,1.0344827586206897,0.942033052444458,22563.5,0.2500027699910252,0,-10
black,11,Statement,ST,0,1,1,0.12526096033402923,0.5091359615325928,30079.333333333332,0.33333702730956627,0,-10
black,14,Statement,ST,1,1,1,5.742574257425743,2.250056743621826,3.090909090909091,3.434839577838011e-05,0.005126744517231559,1.0294485728834917
black,15,Statement,ST,0,1,1,5.055368319691863,0.30411195755004883,783.1217391304348,0.008695748730045468,0,-10
black,18,Statement,ST,0,0,1,0.15467904098994587,0.32663536071777344,428.0833333333333,0.08334955867082035,0,-10
black,19,Statement,ST,0,0,1,0.20352781546811397,0.317777156829834,1493.0,0.333407771326485,0,-10
black,23,Statement,ST,0,1,1,0.06711409395973154,0.29166126251220703,203.38888888888889,0.055570734669095324,0,-10
cookiecutter,1,Statement,ST,1,0,0,0.0,2.7894608974456787,21.5,0.014079895219384414,1.6231203007518795,-1.7914160401002506
cookiecutter,2,Statement,ST,0,1,1,5.555555555555555,0.7817788124084473,187.5,0.12508338892595064,0,-10
cookiecutter,3,Statement,ST,0,0,0,0.0,0.8879377841949463,731.0,0.5003422313483915,0,-10
cookiecutter,4,Statement,ST,0,1,0,0.0,0.3407151699066162,82.0909090909091,0.09100987704091917,0,-10
fastapi,1,Statement,ST,0,1,1,16.129032258064516,0.4048163890838623,39.14912280701754,0.008773895743392546,0,-10
fastapi,2,Statement,ST,0,0,0,0.0,0.47297072410583496,2227.5,0.5001122586439156,0,-10
fastapi,3,Statement,ST,1,1,1,5.172413793103448,4.4210333824157715,5.125,0.001157930411206507,0.1190904419321685,-0.257939362795478
fastapi,4,Statement,ST,0,0,0,0.0,0.42542433738708496,2207.0,0.5001133016088829,0,-10
fastapi,5,Statement,ST,0,0,0,0.0,0.43041467666625977,2205.0,0.5001134044000908,0,-10
fastapi,6,Statement,ST,0,1,1,1.8518518518518516,0.4800584316253662,1100.75,0.2500567923671059,0,-10
fastapi,7,Statement,ST,1,0,0,0.0,1.9613683223724365,3.0,0.0006984866123399302,0.5217391304347827,-0.08695652173913038
fastapi,9,Statement,ST,0,1,0,0.0,0.43376779556274414,632.6666666666666,0.16671058410188844,0,-10
fastapi,10,Statement,ST,0,0,0,0.0,0.5058250427246094,1261.3333333333333,0.33342144682350866,0,-10
fastapi,11,Statement,ST,1,0,0,0.0,1.3891072273254395,1435.3333333333333,0.38163608969245766,550.0,-12.0
fastapi,12,Statement,ST,0,0,0,0.0,0.475421667098999,713.2,0.20005610098176718,0,-10
fastapi,14,Statement,ST,0,0,0,0.0,0.4679243564605713,661.5,0.2500945179584121,0,-10
fastapi,16,Statement,ST,1,1,1,66.66666666666666,0.38358402252197266,6.0,0.002364998029168309,5.133000534854699,-0.6951328222499555
httpie,2,Statement,ST,0,1,1,1.6194331983805668,0.9915053844451904,914.3333333333334,0.3334548991004133,0,-10
httpie,3,Statement,ST,1,0,1,0.47393364928909953,2.016903877258301,6.333333333333333,0.0023344391202850473,0.5526315789473683,-0.9152046783625734
httpie,4,Statement,ST,0,1,1,0.2785515320334262,0.7479918003082275,1284.0,0.5001947798987144,0,-10
httpie,5,Statement,ST,0,1,1,27.173913043478258,0.6497330665588379,75.5,0.1252072968490879,0,-10
keras,1,Statement,ST,0,0,1,2.941176470588235,1.4024882316589355,2017.2105263157894,0.05263295220779078,0,-10
keras,3,Statement,ST,1,0,0,0.0,1.2890193462371826,20.714285714285715,0.0005409277096747719,10.180112881806119,-1.7684262948207174
keras,5,Statement,ST,0,0,0,0.0,1.2011098861694336,18708.5,0.5000133632670515,0,-10
keras,6,Statement,ST,0,0,0,0.0,1.4399430751800537,18536.0,0.5000134876318416,0,-10
keras,7,Statement,ST,0,0,0,0.0,1.4985525608062744,18499.5,0.5000135142440132,0,-10
keras,10,Statement,ST,1,1,1,25.0,1.2798466682434082,5.611111111111111,0.0001512795856437171,0.5256930693069305,-0.3250330033003297
keras,14,Statement,ST,1,0,1,45.45454545454545,2.484654664993286,16.0,0.00044639120609323994,550.0,-12.0
keras,17,Statement,ST,0,0,1,9.615384615384617,4.541854619979858,17708.5,0.5000141179128078,0,-10
keras,18,Statement,ST,1,0,0,0.0,7.590097188949585,24.5,0.0006924424848793172,0.20524726526891518,-1.7953984351261014
keras,20,Statement,ST,1,1,0,0.0,5.159481525421143,1501.8,0.04241414369633981,275.0,-7.0
keras,26,Statement,ST,1,0,0,0.0,5.395427942276001,14.0,0.0003585790026381169,0.14374061998654458,-1.6322430954475668
keras,31,Statement,ST,1,0,0,0.0,3.7847249507904053,44.0,0.0011409013120365088,0.4896535129932625,-2.0089027911453323
keras,33,Statement,ST,1,1,1,95.45454545454545,2.728904962539673,5.2,0.00013561090103012127,0.26187845303867396,-0.41745856353591204
keras,35,Statement,ST,1,1,1,0.2145922746781116,2.8947038650512695,15.333333333333334,0.00040806188347171954,0.615923009623797,-1.5667541557305338
keras,38,Statement,ST,1,0,1,0.11771630370806356,11.044587135314941,5.5,0.00015050350262697023,0.036072423398328696,-1.0017177344475394
keras,40,Statement,ST,0,0,1,1.342281879194631,4.5120391845703125,8845.25,0.2500070661390616,0,-10
keras,41,Statement,ST,0,1,1,8.333333333333332,4.322101831436157,2164.875,0.06250180442879003,0,-10
keras,43,Statement,ST,0,0,0,0.0,4.216919660568237,11487.333333333334,0.333343006103518,0,-10
pandas,2,Statement,ST,1,1,1,0.6765899864682002,0.6233603954315186,6.5,5.0605317451049084e-05,0.07427828348504552,-0.8035370611183357
pandas,12,Statement,ST,1,0,1,0.1620745542949757,2.4489145278930664,13.75,0.00010765316108827559,0.19857114017182198,-1.361408549504375
pandas,23,Statement,ST,1,0,0,0.0,1.3557722568511963,42442.666666666664,0.3334040319138629,550.0,-12.0
pandas,43,Statement,ST,0,1,1,0.23134759976865238,0.4119851589202881,25258.8,0.2000015836190446,0,-10
pandas,54,Statement,ST,0,1,0,0.0,0.414872407913208,41926.666666666664,0.3333359834842594,0,-10
pandas,56,Statement,ST,0,0,0,0.0,0.25489234924316406,41923.333333333336,0.3333359836949752,0,-10
pandas,68,Statement,ST,1,0,0,0.0,0.8394172191619873,41991.666666666664,0.3346962958239679,550.0,-12.0
pandas,72,Statement,ST,1,1,1,1.6006739679865205,1.8824265003204346,12.875,0.00010270339260216495,0.44034536891679754,-1.321731769630929
pandas,74,Statement,ST,0,1,1,0.3546099290780142,0.2429637908935547,62652.0,0.5000039903274462,0,-10
pandas,77,Statement,ST,1,0,0,0.0,0.28651928901672363,13.333333333333334,0.00010641297812681234,0.9461669283097853,-1.5043825222396652
pandas,81,Statement,ST,1,1,1,2.1505376344086025,0.49903249740600586,93.0,0.0007442381562099872,275.0,-7.0
pandas,84,Statement,ST,1,0,0,0.0,1.7818858623504639,52.66666666666667,0.00042177197618856947,550.0,-12.0
pandas,116,Statement,ST,1,0,0,0.0,0.5455679893493652,62634.0,0.5018669572603003,16.763055148853102,-2.304782820888238
pandas,137,Statement,ST,1,1,1,0.1282051282051282,3.345067024230957,8.666666666666668,6.921041563516529e-05,0.14194961664841185,-1.2031544359255202
pandas,141,Statement,ST,1,0,1,6.2645011600928076,0.8571794033050537,62429.5,0.5000961268874915,550.0,-12.0
pandas,143,Statement,ST,1,1,1,0.49261083743842365,2.5879287719726562,41607.0,0.33345889367977305,550.0,-12.0
pandas,146,Statement,ST,1,1,1,19.047619047619047,0.5318596363067627,28.666666666666668,0.00022999756630482168,2.137820832917207,-1.803575352042345
pandas,168,Statement,ST,1,1,0,0.0,1.5494191646575928,78.66666666666667,0.000625778909129478,6.256071193557469,-2.0286403659950487
sanic,1,Statement,ST,0,0,0,0.0,0.2945084571838379,6643.0,0.5000376364320662,0,-10
sanic,3,Statement,ST,0,1,1,5.88235294117647,0.21820521354675293,3401.5,0.2500183755972069,0,-10
sanic,4,Statement,ST,0,1,1,0.2004008016032064,0.5681576728820801,4568.333333333333,0.33335765713173765,0,-10
spacy,1,Statement,ST,0,0,0,0,0.2066631317138672,35348.666666666664,0.3333364766529932,0,-10
spacy,2,Statement,ST,0,0,0,0.0,0.7945311069488525,35298.666666666664,0.3333364811054976,0,-10
spacy,3,Statement,ST,0,0,0,0.0,0.24547219276428223,35647.0,0.3333364503459884,0,-10
spacy,4,Statement,ST,1,0,1,46.51162790697674,0.20963692665100098,15.5,0.0001543640202366251,2.9515366430260053,-1.7203309692671396
spacy,5,Statement,ST,1,0,0,0.0,0.41442179679870605,30.0,0.0003006584419879536,16.604861096395496,-2.3666377063423107
spacy,6,Statement,ST,0,1,1,0.8620689655172413,0.26052165031433105,24888.75,0.25000251119995176,0,-10
thefuck,2,Statement,ST,0,0,0,0.0,0.4209434986114502,2172.0,0.500115127791849,0,-10
thefuck,3,Statement,ST,0,0,0,0,0.2850189208984375,1432.6666666666667,0.3334109068342255,0,-10
thefuck,4,Statement,ST,1,0,1,37.5,0.8989002704620361,2.75,0.0006652152878567972,0.08495575221238938,0.9858407079646021
thefuck,6,Statement,ST,1,0,1,4.545454545454546,0.5498056411743164,6.5,0.001589242053789731,2.697916666666667,-1.2951388888888888
thefuck,7,Statement,ST,0,0,0,0.0,0.3808603286743164,1317.3333333333333,0.3334177001602969,0,-10
thefuck,8,Statement,ST,0,0,0,0.0,0.40288686752319336,1270.0,0.33342084536623784,0,-10
thefuck,13,Statement,ST,0,0,0,0.0,0.4605858325958252,439.3333333333333,0.16672991777356103,0,-10
thefuck,14,Statement,ST,0,1,1,100.0,0.4658629894256592,424.6666666666667,0.16673210312786285,0,-10
thefuck,15,Statement,ST,0,0,1,4.3478260869565215,0.29261040687561035,505.6,0.2000791452314998,0,-10
thefuck,17,Statement,ST,0,0,1,1.7857142857142856,8.080394744873047,222.72727272727272,0.09094621181187126,0,-10
thefuck,19,Statement,ST,0,0,0,0.0,0.4408998489379883,1122.5,0.500222816399287,0,-10
thefuck,20,Statement,ST,0,0,1,58.333333333333336,0.66213059425354,446.4,0.20008964589870012,0,-10
thefuck,25,Statement,ST,0,0,0,0.0,0.44376707077026367,909.5,0.5002750275027503,0,-10
thefuck,26,Statement,ST,0,0,1,57.89473684210527,0.38178014755249023,608.3333333333334,0.33351608187134507,0,-10
thefuck,28,Statement,ST,0,0,1,16.666666666666664,0.6995997428894043,180.0,0.1000555864369094,0,-10
thefuck,29,Statement,ST,0,0,0,0.0,0.3748607635498047,599.3333333333334,0.3335188276757559,0,-10
tornado,1,Statement,ST,0,0,1,0.11689070718877849,0.5934534072875977,5887.0,0.33335220838052093,0,-10
tornado,5,Statement,ST,0,1,1,27.397260273972602,0.6924958229064941,6028.333333333333,0.33335176583351767,0,-10
tornado,6,Statement,ST,0,0,0,0.0,0.7355942726135254,3010.6666666666665,0.16667589363154883,0,-10
tornado,8,Statement,ST,0,0,0,0.0,0.7850687503814697,5821.666666666667,0.33335242021682704,0,-10
tqdm,4,Statement,ST,1,0,0,0.0,1.6094095706939697,100.5,0.04962962962962963,2.274904361132364,-1.991361897475134
tqdm,5,Statement,ST,1,1,1,1.240694789081886,2.316253185272217,197.8,0.10238095238095239,1.1771844660194177,-2.0784789644012944
tqdm,6,Statement,ST,1,0,0,0.0,1.8079266548156738,3.0,0.0015923566878980893,0.00974025974025974,-0.0016233766233768598
tqdm,7,Statement,ST,1,0,0,0.0,0.6752321720123291,958.0,0.5249315068493151,18.555825242718445,-2.337378640776699
tqdm,8,Statement,ST,0,0,0,0.0,0.5377602577209473,567.0,0.500441306266549,0,-10
tqdm,9,Statement,ST,1,1,1,4.761904761904762,0.9712021350860596,1.5,0.002798507462686567,0.0024590163934426227,2.999180327868852
youtube-dl,1,Statement,ST,0,0,1,0.2695417789757413,9.014769315719604,36203.333333333336,0.3333364024466972,0,-10
youtube-dl,2,Statement,ST,0,0,1,1.6842105263157894,2.4230871200561523,9571.818181818182,0.09090995433348385,0,-10
youtube-dl,6,Statement,ST,0,1,1,33.33333333333333,1.6094958782196045,10854.5,0.16666922580843288,0,-10
youtube-dl,7,Statement,ST,0,1,1,4.3478260869565215,1.6091067790985107,20927.666666666668,0.33333864271075575,0,-10
youtube-dl,13,Statement,ST,0,1,1,9.090909090909092,4.4583740234375,57411.0,0.500004354604123,0,-10
youtube-dl,15,Statement,ST,0,0,0,0.0,5.735435724258423,53015.0,0.5000047156909903,0,-10
youtube-dl,17,Statement,ST,1,0,1,3.8461538461538463,2.623234510421753,2.333333333333333,2.2948035812049027e-05,0.0009152719665271967,1.3330282426778246
youtube-dl,18,Statement,ST,0,0,1,0.21052631578947367,1.7355661392211914,50522.5,0.5000049483393373,0,-10
youtube-dl,20,Statement,ST,0,0,1,3.571428571428571,4.878852128982544,33449.333333333336,0.33333665513999755,0,-10
youtube-dl,21,Statement,ST,0,1,1,88.88888888888889,7.63627290725708,32037.333333333332,0.3333368015454353,0,-10
youtube-dl,24,Statement,ST,0,1,1,0.1520912547528517,6.176683664321899,22308.25,0.250002801685494,0,-10
youtube-dl,25,Statement,ST,0,0,1,3.4482758620689653,4.928215503692627,21072.5,0.25000296598607175,0,-10
youtube-dl,31,Statement,ST,0,1,1,58.139534883720934,2.0314178466796875,3655.909090909091,0.0909113515419777,0,-10
youtube-dl,34,Statement,ST,0,1,0,0.0,1.961803674697876,9118.5,0.2500068543854358,0,-10
youtube-dl,41,Statement,ST,0,0,0,0.0,1.329451322555542,6835.0,0.33334959032383926,0,-10
youtube-dl,43,Statement,ST,0,0,0,0.0,1.7020924091339111,8536.5,0.5000292877225867,0,-10
